Model,Image_ID,Attack,Is_Correct,Is_Success,L2_Distance
MobileNetV2,0,Baseline,1,0,0.0
MobileNetV2,0,FGSM,0,1,19.331954956054688
MobileNetV2,0,PGD,0,1,10.706869125366211
MobileNetV2,0,DeepFool,0,1,0.16471919417381287
MobileNetV2,0,C&W,0,1,16.118709564208984
MobileNetV2,0,T-IFGSM,0,1,8.41169548034668
MobileNetV2,1,Baseline,1,0,0.0
MobileNetV2,1,FGSM,0,1,19.39795684814453
MobileNetV2,1,PGD,0,1,10.548047065734863
MobileNetV2,1,DeepFool,0,1,0.09173998981714249
MobileNetV2,1,C&W,0,1,6.439492225646973
MobileNetV2,1,T-IFGSM,0,1,8.345071792602539
MobileNetV2,2,Baseline,1,0,0.0
MobileNetV2,2,FGSM,0,1,19.15105628967285
MobileNetV2,2,PGD,0,1,10.639711380004883
MobileNetV2,2,DeepFool,0,1,0.8787752389907837
MobileNetV2,2,C&W,1,0,29.80642318725586
MobileNetV2,2,T-IFGSM,0,1,8.444156646728516
MobileNetV2,3,Baseline,1,0,0.0
MobileNetV2,3,FGSM,0,1,19.3536376953125
MobileNetV2,3,PGD,0,1,10.717596054077148
MobileNetV2,3,DeepFool,0,1,0.005553899332880974
MobileNetV2,3,C&W,0,1,30.86652946472168
MobileNetV2,3,T-IFGSM,0,1,8.286117553710938
MobileNetV2,4,Baseline,1,0,0.0
MobileNetV2,4,FGSM,0,1,19.118425369262695
MobileNetV2,4,PGD,0,1,10.62543773651123
MobileNetV2,4,DeepFool,0,1,0.00857593398541212
MobileNetV2,4,C&W,0,1,29.696069717407227
MobileNetV2,4,T-IFGSM,0,1,8.271490097045898
MobileNetV2,5,Baseline,1,0,0.0
MobileNetV2,5,FGSM,0,1,18.56414794921875
MobileNetV2,5,PGD,0,1,10.469893455505371
MobileNetV2,5,DeepFool,0,1,0.3244767487049103
MobileNetV2,5,C&W,0,1,57.33945083618164
MobileNetV2,5,T-IFGSM,0,1,8.061224937438965
MobileNetV2,6,Baseline,1,0,0.0
MobileNetV2,6,FGSM,0,1,19.279979705810547
MobileNetV2,6,PGD,0,1,10.645620346069336
MobileNetV2,6,DeepFool,0,1,0.02020827680826187
MobileNetV2,6,C&W,0,1,26.149477005004883
MobileNetV2,6,T-IFGSM,0,1,8.381265640258789
MobileNetV2,7,Baseline,1,0,0.0
MobileNetV2,7,FGSM,0,1,17.073192596435547
MobileNetV2,7,PGD,0,1,9.942734718322754
MobileNetV2,7,DeepFool,1,0,0.05289362370967865
MobileNetV2,7,C&W,0,1,57.83820724487305
MobileNetV2,7,T-IFGSM,0,1,8.028002738952637
MobileNetV2,8,Baseline,1,0,0.0
MobileNetV2,8,FGSM,1,0,19.210012435913086
MobileNetV2,8,PGD,0,1,10.725728034973145
MobileNetV2,8,DeepFool,0,1,0.6138218641281128
MobileNetV2,8,C&W,0,1,62.77986145019531
MobileNetV2,8,T-IFGSM,0,1,8.388571739196777
MobileNetV2,9,Baseline,1,0,0.0
MobileNetV2,9,FGSM,0,1,19.390567779541016
MobileNetV2,9,PGD,0,1,10.867813110351562
MobileNetV2,9,DeepFool,0,1,0.027110302820801735
MobileNetV2,9,C&W,0,1,15.799834251403809
MobileNetV2,9,T-IFGSM,0,1,8.577394485473633
MobileNetV2,10,Baseline,1,0,0.0
MobileNetV2,10,FGSM,0,1,19.378673553466797
MobileNetV2,10,PGD,0,1,10.607635498046875
MobileNetV2,10,DeepFool,0,1,0.8847925662994385
MobileNetV2,10,C&W,0,1,24.862743377685547
MobileNetV2,10,T-IFGSM,0,1,8.404518127441406
MobileNetV2,11,Baseline,1,0,0.0
MobileNetV2,11,FGSM,0,1,19.23566436767578
MobileNetV2,11,PGD,0,1,10.713788032531738
MobileNetV2,11,DeepFool,0,1,0.019222207367420197
MobileNetV2,11,C&W,0,1,35.25868606567383
MobileNetV2,11,T-IFGSM,0,1,8.189229011535645
MobileNetV2,12,Baseline,1,0,0.0
MobileNetV2,12,FGSM,0,1,19.39696502685547
MobileNetV2,12,PGD,0,1,10.782167434692383
MobileNetV2,12,DeepFool,0,1,0.035000722855329514
MobileNetV2,12,C&W,0,1,7.245807647705078
MobileNetV2,12,T-IFGSM,0,1,8.369068145751953
MobileNetV2,13,Baseline,1,0,0.0
MobileNetV2,13,FGSM,0,1,19.398239135742188
MobileNetV2,13,PGD,0,1,10.886039733886719
MobileNetV2,13,DeepFool,0,1,0.0044632270000875
MobileNetV2,13,C&W,0,1,3.0007662773132324
MobileNetV2,13,T-IFGSM,0,1,8.3104248046875
MobileNetV2,14,Baseline,1,0,0.0
MobileNetV2,14,FGSM,0,1,19.393287658691406
MobileNetV2,14,PGD,0,1,10.79920482635498
MobileNetV2,14,DeepFool,0,1,0.2588459849357605
MobileNetV2,14,C&W,1,0,14.279731750488281
MobileNetV2,14,T-IFGSM,0,1,8.360296249389648
MobileNetV2,15,Baseline,1,0,0.0
MobileNetV2,15,FGSM,0,1,19.281583786010742
MobileNetV2,15,PGD,0,1,10.658087730407715
MobileNetV2,15,DeepFool,0,1,0.04186871275305748
MobileNetV2,15,C&W,0,1,34.867431640625
MobileNetV2,15,T-IFGSM,0,1,8.37635612487793
MobileNetV2,16,Baseline,1,0,0.0
MobileNetV2,16,FGSM,0,1,19.39743423461914
MobileNetV2,16,PGD,0,1,10.796359062194824
MobileNetV2,16,DeepFool,0,1,0.002328593982383609
MobileNetV2,16,C&W,0,1,7.968787670135498
MobileNetV2,16,T-IFGSM,0,1,8.33360767364502
MobileNetV2,17,Baseline,1,0,0.0
MobileNetV2,17,FGSM,0,1,19.325679779052734
MobileNetV2,17,PGD,0,1,10.694757461547852
MobileNetV2,17,DeepFool,0,1,0.02254161424934864
MobileNetV2,17,C&W,0,1,28.447805404663086
MobileNetV2,17,T-IFGSM,0,1,8.336613655090332
MobileNetV2,18,Baseline,1,0,0.0
MobileNetV2,18,FGSM,0,1,19.263139724731445
MobileNetV2,18,PGD,0,1,10.693862915039062
MobileNetV2,18,DeepFool,0,1,0.18887023627758026
MobileNetV2,18,C&W,0,1,28.683820724487305
MobileNetV2,18,T-IFGSM,0,1,8.623456001281738
MobileNetV2,19,Baseline,1,0,0.0
MobileNetV2,19,FGSM,0,1,19.367145538330078
MobileNetV2,19,PGD,0,1,10.77402114868164
MobileNetV2,19,DeepFool,0,1,0.009303632192313671
MobileNetV2,19,C&W,0,1,22.21059799194336
MobileNetV2,19,T-IFGSM,0,1,8.403702735900879
MobileNetV2,20,Baseline,1,0,0.0
MobileNetV2,20,FGSM,0,1,19.388803482055664
MobileNetV2,20,PGD,0,1,10.631030082702637
MobileNetV2,20,DeepFool,0,1,0.034614868462085724
MobileNetV2,20,C&W,0,1,17.03897476196289
MobileNetV2,20,T-IFGSM,0,1,8.289641380310059
MobileNetV2,21,Baseline,1,0,0.0
MobileNetV2,21,FGSM,0,1,19.38254737854004
MobileNetV2,21,PGD,0,1,10.73600959777832
MobileNetV2,21,DeepFool,0,1,0.02880626730620861
MobileNetV2,21,C&W,0,1,17.77756690979004
MobileNetV2,21,T-IFGSM,0,1,8.404081344604492
MobileNetV2,22,Baseline,1,0,0.0
MobileNetV2,22,FGSM,0,1,19.276201248168945
MobileNetV2,22,PGD,0,1,10.868509292602539
MobileNetV2,22,DeepFool,0,1,0.01699652522802353
MobileNetV2,22,C&W,0,1,23.177410125732422
MobileNetV2,22,T-IFGSM,0,1,8.415295600891113
MobileNetV2,23,Baseline,1,0,0.0
MobileNetV2,23,FGSM,0,1,19.325761795043945
MobileNetV2,23,PGD,0,1,10.670866012573242
MobileNetV2,23,DeepFool,0,1,0.0034795079845935106
MobileNetV2,23,C&W,0,1,23.30539321899414
MobileNetV2,23,T-IFGSM,0,1,8.163033485412598
MobileNetV2,24,Baseline,1,0,0.0
MobileNetV2,24,FGSM,0,1,19.30754280090332
MobileNetV2,24,PGD,0,1,10.663215637207031
MobileNetV2,24,DeepFool,0,1,0.04220564663410187
MobileNetV2,24,C&W,0,1,47.478275299072266
MobileNetV2,24,T-IFGSM,0,1,8.449789047241211
MobileNetV2,25,Baseline,1,0,0.0
MobileNetV2,25,FGSM,0,1,19.384748458862305
MobileNetV2,25,PGD,0,1,10.79978084564209
MobileNetV2,25,DeepFool,0,1,1.6959055662155151
MobileNetV2,25,C&W,1,0,21.205888748168945
MobileNetV2,25,T-IFGSM,0,1,8.436440467834473
MobileNetV2,26,Baseline,1,0,0.0
MobileNetV2,26,FGSM,0,1,19.244348526000977
MobileNetV2,26,PGD,0,1,10.714942932128906
MobileNetV2,26,DeepFool,0,1,0.6600291728973389
MobileNetV2,26,C&W,0,1,27.244773864746094
MobileNetV2,26,T-IFGSM,0,1,8.402060508728027
MobileNetV2,27,Baseline,1,0,0.0
MobileNetV2,27,FGSM,0,1,19.37331771850586
MobileNetV2,27,PGD,0,1,10.6883544921875
MobileNetV2,27,DeepFool,0,1,0.31986647844314575
MobileNetV2,27,C&W,0,1,15.317953109741211
MobileNetV2,27,T-IFGSM,0,1,8.430006980895996
MobileNetV2,28,Baseline,1,0,0.0
MobileNetV2,28,FGSM,0,1,19.191219329833984
MobileNetV2,28,PGD,0,1,10.620006561279297
MobileNetV2,28,DeepFool,0,1,0.003588250605389476
MobileNetV2,28,C&W,0,1,22.831632614135742
MobileNetV2,28,T-IFGSM,0,1,8.498132705688477
MobileNetV2,29,Baseline,1,0,0.0
MobileNetV2,29,FGSM,0,1,19.23946189880371
MobileNetV2,29,PGD,0,1,10.734917640686035
MobileNetV2,29,DeepFool,0,1,0.21157866716384888
MobileNetV2,29,C&W,0,1,28.308456420898438
MobileNetV2,29,T-IFGSM,1,1,8.162086486816406
MobileNetV2,30,Baseline,1,0,0.0
MobileNetV2,30,FGSM,0,1,19.346126556396484
MobileNetV2,30,PGD,0,1,10.747156143188477
MobileNetV2,30,DeepFool,0,1,0.333957701921463
MobileNetV2,30,C&W,0,1,19.99911880493164
MobileNetV2,30,T-IFGSM,0,0,8.369590759277344
MobileNetV2,31,Baseline,1,0,0.0
MobileNetV2,31,FGSM,0,1,19.063220977783203
MobileNetV2,31,PGD,0,1,10.652228355407715
MobileNetV2,31,DeepFool,0,1,0.00797482393682003
MobileNetV2,31,C&W,0,1,32.564186096191406
MobileNetV2,31,T-IFGSM,0,1,8.09812068939209
MobileNetV2,32,Baseline,1,0,0.0
MobileNetV2,32,FGSM,0,1,19.388429641723633
MobileNetV2,32,PGD,0,1,10.645567893981934
MobileNetV2,32,DeepFool,0,1,0.016575593501329422
MobileNetV2,32,C&W,0,1,19.86090850830078
MobileNetV2,32,T-IFGSM,0,1,8.450100898742676
MobileNetV2,33,Baseline,1,0,0.0
MobileNetV2,33,FGSM,0,1,19.094449996948242
MobileNetV2,33,PGD,0,1,10.648614883422852
MobileNetV2,33,DeepFool,0,1,0.028100835159420967
MobileNetV2,33,C&W,0,1,47.66862487792969
MobileNetV2,33,T-IFGSM,0,1,8.406941413879395
MobileNetV2,34,Baseline,1,0,0.0
MobileNetV2,34,FGSM,0,1,19.392494201660156
MobileNetV2,34,PGD,0,1,10.704567909240723
MobileNetV2,34,DeepFool,0,1,0.8756986856460571
MobileNetV2,34,C&W,0,1,18.250545501708984
MobileNetV2,34,T-IFGSM,0,1,8.384039878845215
MobileNetV2,35,Baseline,1,0,0.0
MobileNetV2,35,FGSM,0,1,19.00760269165039
MobileNetV2,35,PGD,0,1,10.5922212600708
MobileNetV2,35,DeepFool,0,1,0.021613944321870804
MobileNetV2,35,C&W,0,1,36.967525482177734
MobileNetV2,35,T-IFGSM,0,1,8.417948722839355
MobileNetV2,36,Baseline,1,0,0.0
MobileNetV2,36,FGSM,0,1,19.378095626831055
MobileNetV2,36,PGD,0,1,10.633103370666504
MobileNetV2,36,DeepFool,0,1,0.058340635150671005
MobileNetV2,36,C&W,0,1,18.60602569580078
MobileNetV2,36,T-IFGSM,0,1,8.79668140411377
MobileNetV2,37,Baseline,1,0,0.0
MobileNetV2,37,FGSM,0,1,19.380922317504883
MobileNetV2,37,PGD,0,1,10.674847602844238
MobileNetV2,37,DeepFool,0,1,0.000593317614402622
MobileNetV2,37,C&W,0,1,21.99683380126953
MobileNetV2,37,T-IFGSM,0,1,8.34970474243164
MobileNetV2,38,Baseline,1,0,0.0
MobileNetV2,38,FGSM,0,1,19.366302490234375
MobileNetV2,38,PGD,0,1,10.631244659423828
MobileNetV2,38,DeepFool,0,1,0.1723892241716385
MobileNetV2,38,C&W,0,1,16.88363265991211
MobileNetV2,38,T-IFGSM,0,1,8.3201322555542
MobileNetV2,39,Baseline,1,0,0.0
MobileNetV2,39,FGSM,0,1,19.331180572509766
MobileNetV2,39,PGD,0,1,10.576221466064453
MobileNetV2,39,DeepFool,0,1,2.5069010257720947
MobileNetV2,39,C&W,0,1,25.215635299682617
MobileNetV2,39,T-IFGSM,0,1,8.90389347076416
MobileNetV2,40,Baseline,1,0,0.0
MobileNetV2,40,FGSM,0,1,19.363130569458008
MobileNetV2,40,PGD,0,1,10.87770938873291
MobileNetV2,40,DeepFool,0,1,0.3514213263988495
MobileNetV2,40,C&W,0,1,24.366458892822266
MobileNetV2,40,T-IFGSM,0,1,8.513273239135742
MobileNetV2,41,Baseline,1,0,0.0
MobileNetV2,41,FGSM,0,1,19.32206153869629
MobileNetV2,41,PGD,0,1,10.87088680267334
MobileNetV2,41,DeepFool,0,1,0.10663936287164688
MobileNetV2,41,C&W,0,1,23.275367736816406
MobileNetV2,41,T-IFGSM,0,1,8.959171295166016
MobileNetV2,42,Baseline,1,0,0.0
MobileNetV2,42,FGSM,0,1,19.398550033569336
MobileNetV2,42,PGD,0,1,10.728959083557129
MobileNetV2,42,DeepFool,0,1,0.02910793013870716
MobileNetV2,42,C&W,0,1,22.129228591918945
MobileNetV2,42,T-IFGSM,0,1,8.24490737915039
MobileNetV2,43,Baseline,1,0,0.0
MobileNetV2,43,FGSM,0,1,19.396135330200195
MobileNetV2,43,PGD,0,1,10.682954788208008
MobileNetV2,43,DeepFool,0,1,0.017515720799565315
MobileNetV2,43,C&W,0,1,11.605076789855957
MobileNetV2,43,T-IFGSM,0,1,8.61373519897461
MobileNetV2,44,Baseline,1,0,0.0
MobileNetV2,44,FGSM,0,1,17.876718521118164
MobileNetV2,44,PGD,0,1,10.131915092468262
MobileNetV2,44,DeepFool,0,1,0.10126996040344238
MobileNetV2,44,C&W,0,1,53.69036102294922
MobileNetV2,44,T-IFGSM,0,1,8.29828929901123
MobileNetV2,45,Baseline,1,0,0.0
MobileNetV2,45,FGSM,0,1,18.95461082458496
MobileNetV2,45,PGD,0,1,10.470939636230469
MobileNetV2,45,DeepFool,0,1,0.030065948143601418
MobileNetV2,45,C&W,0,1,42.42738723754883
MobileNetV2,45,T-IFGSM,0,1,8.246637344360352
MobileNetV2,46,Baseline,1,0,0.0
MobileNetV2,46,FGSM,0,1,18.540334701538086
MobileNetV2,46,PGD,0,1,10.4929780960083
MobileNetV2,46,DeepFool,0,1,1.061423420906067
MobileNetV2,46,C&W,0,1,59.81312942504883
MobileNetV2,46,T-IFGSM,0,1,8.182007789611816
MobileNetV2,47,Baseline,1,0,0.0
MobileNetV2,47,FGSM,0,1,15.190072059631348
MobileNetV2,47,PGD,0,1,9.990306854248047
MobileNetV2,47,DeepFool,1,0,0.07008403539657593
MobileNetV2,47,C&W,0,1,74.01532745361328
MobileNetV2,47,T-IFGSM,0,1,8.125577926635742
MobileNetV2,48,Baseline,1,0,0.0
MobileNetV2,48,FGSM,0,1,19.397581100463867
MobileNetV2,48,PGD,0,1,10.68228530883789
MobileNetV2,48,DeepFool,0,1,0.019966868683695793
MobileNetV2,48,C&W,0,1,8.231111526489258
MobileNetV2,48,T-IFGSM,0,1,8.423391342163086
MobileNetV2,49,Baseline,1,0,0.0
MobileNetV2,49,FGSM,0,1,17.808879852294922
MobileNetV2,49,PGD,0,1,10.359164237976074
MobileNetV2,49,DeepFool,1,0,0.06746424734592438
MobileNetV2,49,C&W,0,1,51.20280456542969
MobileNetV2,49,T-IFGSM,0,1,8.395934104919434
MobileNetV2,50,Baseline,1,0,0.0
MobileNetV2,50,FGSM,0,1,19.396434783935547
MobileNetV2,50,PGD,0,1,10.848259925842285
MobileNetV2,50,DeepFool,0,1,0.024722455069422722
MobileNetV2,50,C&W,0,1,19.177297592163086
MobileNetV2,50,T-IFGSM,0,1,9.039977073669434
MobileNetV2,51,Baseline,1,0,0.0
MobileNetV2,51,FGSM,0,1,19.392248153686523
MobileNetV2,51,PGD,0,1,10.810669898986816
MobileNetV2,51,DeepFool,0,1,0.04454503208398819
MobileNetV2,51,C&W,0,1,26.394317626953125
MobileNetV2,51,T-IFGSM,0,1,8.59433364868164
MobileNetV2,52,Baseline,1,0,0.0
MobileNetV2,52,FGSM,0,1,18.397890090942383
MobileNetV2,52,PGD,0,1,10.33980941772461
MobileNetV2,52,DeepFool,0,1,0.05753166973590851
MobileNetV2,52,C&W,0,1,51.760047912597656
MobileNetV2,52,T-IFGSM,0,1,8.130107879638672
MobileNetV2,53,Baseline,1,0,0.0
MobileNetV2,53,FGSM,0,1,19.2883243560791
MobileNetV2,53,PGD,0,1,10.704629898071289
MobileNetV2,53,DeepFool,0,1,1.3416104316711426
MobileNetV2,53,C&W,0,1,23.08745574951172
MobileNetV2,53,T-IFGSM,0,1,8.512186050415039
MobileNetV2,54,Baseline,1,0,0.0
MobileNetV2,54,FGSM,0,1,19.274518966674805
MobileNetV2,54,PGD,0,1,10.65007495880127
MobileNetV2,54,DeepFool,0,1,7.426423072814941
MobileNetV2,54,C&W,0,1,26.511615753173828
MobileNetV2,54,T-IFGSM,0,1,8.537737846374512
MobileNetV2,55,Baseline,1,0,0.0
MobileNetV2,55,FGSM,0,1,19.367578506469727
MobileNetV2,55,PGD,0,1,10.701000213623047
MobileNetV2,55,DeepFool,0,1,0.03274712711572647
MobileNetV2,55,C&W,0,1,20.10851287841797
MobileNetV2,55,T-IFGSM,0,1,8.773507118225098
MobileNetV2,56,Baseline,1,0,0.0
MobileNetV2,56,FGSM,0,1,19.3895206451416
MobileNetV2,56,PGD,0,1,10.682221412658691
MobileNetV2,56,DeepFool,0,1,0.0452665351331234
MobileNetV2,56,C&W,0,1,25.390945434570312
MobileNetV2,56,T-IFGSM,0,1,8.542898178100586
MobileNetV2,57,Baseline,1,0,0.0
MobileNetV2,57,FGSM,0,1,19.31235122680664
MobileNetV2,57,PGD,0,1,10.691067695617676
MobileNetV2,57,DeepFool,0,1,0.144131600856781
MobileNetV2,57,C&W,0,1,35.14659118652344
MobileNetV2,57,T-IFGSM,0,1,8.556772232055664
MobileNetV2,58,Baseline,1,0,0.0
MobileNetV2,58,FGSM,0,1,19.288185119628906
MobileNetV2,58,PGD,0,1,10.714642524719238
MobileNetV2,58,DeepFool,0,1,0.014523185789585114
MobileNetV2,58,C&W,0,1,22.83171272277832
MobileNetV2,58,T-IFGSM,0,1,8.705135345458984
MobileNetV2,59,Baseline,1,0,0.0
MobileNetV2,59,FGSM,0,1,18.488588333129883
MobileNetV2,59,PGD,0,1,10.467313766479492
MobileNetV2,59,DeepFool,0,1,0.04842858761548996
MobileNetV2,59,C&W,0,1,39.14774703979492
MobileNetV2,59,T-IFGSM,0,1,8.515778541564941
MobileNetV2,60,Baseline,1,0,0.0
MobileNetV2,60,FGSM,0,1,19.004375457763672
MobileNetV2,60,PGD,0,1,10.680730819702148
MobileNetV2,60,DeepFool,0,1,0.9008884429931641
MobileNetV2,60,C&W,0,1,41.833961486816406
MobileNetV2,60,T-IFGSM,0,1,8.444390296936035
MobileNetV2,61,Baseline,1,0,0.0
MobileNetV2,61,FGSM,0,1,19.229820251464844
MobileNetV2,61,PGD,0,1,10.739167213439941
MobileNetV2,61,DeepFool,0,1,0.09484530240297318
MobileNetV2,61,C&W,0,1,30.15286636352539
MobileNetV2,61,T-IFGSM,0,1,8.582016944885254
MobileNetV2,62,Baseline,1,0,0.0
MobileNetV2,62,FGSM,0,1,19.39745330810547
MobileNetV2,62,PGD,0,1,10.854135513305664
MobileNetV2,62,DeepFool,0,1,0.02433134615421295
MobileNetV2,62,C&W,0,1,10.42994213104248
MobileNetV2,62,T-IFGSM,0,1,8.606097221374512
MobileNetV2,63,Baseline,1,0,0.0
MobileNetV2,63,FGSM,0,1,19.313264846801758
MobileNetV2,63,PGD,0,1,10.672983169555664
MobileNetV2,63,DeepFool,0,1,0.0011178191052749753
MobileNetV2,63,C&W,0,1,24.654312133789062
MobileNetV2,63,T-IFGSM,0,1,8.378451347351074
MobileNetV2,64,Baseline,1,0,0.0
MobileNetV2,64,FGSM,0,1,19.38055992126465
MobileNetV2,64,PGD,0,1,10.793794631958008
MobileNetV2,64,DeepFool,0,1,0.006559031084179878
MobileNetV2,64,C&W,0,1,21.346328735351562
MobileNetV2,64,T-IFGSM,0,1,8.39289379119873
MobileNetV2,65,Baseline,1,0,0.0
MobileNetV2,65,FGSM,0,1,19.36943817138672
MobileNetV2,65,PGD,0,1,10.701231956481934
MobileNetV2,65,DeepFool,0,1,1.772310495376587
MobileNetV2,65,C&W,1,0,17.43212127685547
MobileNetV2,65,T-IFGSM,0,1,8.420844078063965
MobileNetV2,66,Baseline,1,0,0.0
MobileNetV2,66,FGSM,0,1,19.33884048461914
MobileNetV2,66,PGD,0,1,10.697750091552734
MobileNetV2,66,DeepFool,0,1,0.01902521587908268
MobileNetV2,66,C&W,0,1,33.3449592590332
MobileNetV2,66,T-IFGSM,0,1,8.498796463012695
MobileNetV2,67,Baseline,1,0,0.0
MobileNetV2,67,FGSM,0,1,19.374401092529297
MobileNetV2,67,PGD,0,1,10.835951805114746
MobileNetV2,67,DeepFool,0,1,0.48800453543663025
MobileNetV2,67,C&W,0,1,16.21824073791504
MobileNetV2,67,T-IFGSM,0,1,8.642834663391113
MobileNetV2,68,Baseline,1,0,0.0
MobileNetV2,68,FGSM,0,1,19.398317337036133
MobileNetV2,68,PGD,0,1,10.713518142700195
MobileNetV2,68,DeepFool,0,1,0.6303108930587769
MobileNetV2,68,C&W,0,1,7.798732757568359
MobileNetV2,68,T-IFGSM,0,1,8.471423149108887
MobileNetV2,69,Baseline,1,0,0.0
MobileNetV2,69,FGSM,0,1,19.308856964111328
MobileNetV2,69,PGD,0,1,10.702526092529297
MobileNetV2,69,DeepFool,0,1,0.043235182762145996
MobileNetV2,69,C&W,1,0,31.803293228149414
MobileNetV2,69,T-IFGSM,0,1,8.730932235717773
MobileNetV2,70,Baseline,1,0,0.0
MobileNetV2,70,FGSM,0,1,19.395936965942383
MobileNetV2,70,PGD,0,1,10.596149444580078
MobileNetV2,70,DeepFool,0,1,0.03734562546014786
MobileNetV2,70,C&W,0,1,10.591462135314941
MobileNetV2,70,T-IFGSM,0,1,8.381479263305664
MobileNetV2,71,Baseline,1,0,0.0
MobileNetV2,71,FGSM,0,1,19.353185653686523
MobileNetV2,71,PGD,0,1,10.79853343963623
MobileNetV2,71,DeepFool,0,1,0.013091525994241238
MobileNetV2,71,C&W,0,1,20.951330184936523
MobileNetV2,71,T-IFGSM,0,1,8.39261245727539
MobileNetV2,72,Baseline,1,0,0.0
MobileNetV2,72,FGSM,0,1,19.05487060546875
MobileNetV2,72,PGD,0,1,10.724483489990234
MobileNetV2,72,DeepFool,0,1,3.153137445449829
MobileNetV2,72,C&W,0,1,30.695804595947266
MobileNetV2,72,T-IFGSM,0,1,8.505497932434082
MobileNetV2,73,Baseline,1,0,0.0
MobileNetV2,73,FGSM,0,1,19.398427963256836
MobileNetV2,73,PGD,0,1,10.709735870361328
MobileNetV2,73,DeepFool,0,1,0.00017367427062708884
MobileNetV2,73,C&W,0,1,5.4155378341674805
MobileNetV2,73,T-IFGSM,0,1,8.451001167297363
MobileNetV2,74,Baseline,1,0,0.0
MobileNetV2,74,FGSM,0,1,19.297990798950195
MobileNetV2,74,PGD,0,1,10.662725448608398
MobileNetV2,74,DeepFool,0,1,0.18118220567703247
MobileNetV2,74,C&W,0,1,26.721261978149414
MobileNetV2,74,T-IFGSM,0,1,8.707640647888184
MobileNetV2,75,Baseline,1,0,0.0
MobileNetV2,75,FGSM,0,1,19.397619247436523
MobileNetV2,75,PGD,0,1,10.739224433898926
MobileNetV2,75,DeepFool,0,1,0.08057896792888641
MobileNetV2,75,C&W,0,1,13.57860279083252
MobileNetV2,75,T-IFGSM,0,1,8.788605690002441
MobileNetV2,76,Baseline,1,0,0.0
MobileNetV2,76,FGSM,0,1,19.08333969116211
MobileNetV2,76,PGD,0,1,10.558913230895996
MobileNetV2,76,DeepFool,0,1,0.020129861310124397
MobileNetV2,76,C&W,0,1,41.08958053588867
MobileNetV2,76,T-IFGSM,0,1,8.546939849853516
MobileNetV2,77,Baseline,1,0,0.0
MobileNetV2,77,FGSM,0,1,19.37706184387207
MobileNetV2,77,PGD,0,1,10.779047012329102
MobileNetV2,77,DeepFool,0,1,0.09350206702947617
MobileNetV2,77,C&W,0,1,21.751296997070312
MobileNetV2,77,T-IFGSM,0,1,8.396757125854492
MobileNetV2,78,Baseline,1,0,0.0
MobileNetV2,78,FGSM,0,1,17.63860321044922
MobileNetV2,78,PGD,0,1,10.714447975158691
MobileNetV2,78,DeepFool,1,0,0.10213400423526764
MobileNetV2,78,C&W,0,1,51.93272018432617
MobileNetV2,78,T-IFGSM,0,1,8.71688175201416
MobileNetV2,79,Baseline,1,0,0.0
MobileNetV2,79,FGSM,0,1,19.398454666137695
MobileNetV2,79,PGD,0,1,10.792304992675781
MobileNetV2,79,DeepFool,0,1,0.04517245292663574
MobileNetV2,79,C&W,0,1,21.572568893432617
MobileNetV2,79,T-IFGSM,0,1,8.363018989562988
MobileNetV2,80,Baseline,1,0,0.0
MobileNetV2,80,FGSM,0,1,19.395923614501953
MobileNetV2,80,PGD,0,1,10.76662826538086
MobileNetV2,80,DeepFool,0,1,0.01101341936737299
MobileNetV2,80,C&W,0,1,33.10319900512695
MobileNetV2,80,T-IFGSM,0,1,8.44461441040039
MobileNetV2,81,Baseline,1,0,0.0
MobileNetV2,81,FGSM,0,1,19.27369499206543
MobileNetV2,81,PGD,0,1,10.646020889282227
MobileNetV2,81,DeepFool,0,1,0.05804847925901413
MobileNetV2,81,C&W,0,1,32.16460418701172
MobileNetV2,81,T-IFGSM,0,1,8.556187629699707
MobileNetV2,82,Baseline,1,0,0.0
MobileNetV2,82,FGSM,1,0,16.58574867248535
MobileNetV2,82,PGD,0,1,10.161056518554688
MobileNetV2,82,DeepFool,1,0,3.0344536304473877
MobileNetV2,82,C&W,0,1,66.53866577148438
MobileNetV2,82,T-IFGSM,0,1,8.091787338256836
MobileNetV2,83,Baseline,1,0,0.0
MobileNetV2,83,FGSM,0,1,19.37849235534668
MobileNetV2,83,PGD,0,1,10.811315536499023
MobileNetV2,83,DeepFool,0,1,0.1213688775897026
MobileNetV2,83,C&W,0,1,11.879082679748535
MobileNetV2,83,T-IFGSM,0,1,8.489688873291016
MobileNetV2,84,Baseline,1,0,0.0
MobileNetV2,84,FGSM,0,1,19.375267028808594
MobileNetV2,84,PGD,0,1,10.66894245147705
MobileNetV2,84,DeepFool,0,1,0.43534404039382935
MobileNetV2,84,C&W,0,1,16.905364990234375
MobileNetV2,84,T-IFGSM,0,1,8.900675773620605
MobileNetV2,85,Baseline,1,0,0.0
MobileNetV2,85,FGSM,0,1,19.38998031616211
MobileNetV2,85,PGD,0,1,10.7110595703125
MobileNetV2,85,DeepFool,0,1,0.011003471910953522
MobileNetV2,85,C&W,0,1,13.82237434387207
MobileNetV2,85,T-IFGSM,0,1,8.831546783447266
MobileNetV2,86,Baseline,1,0,0.0
MobileNetV2,86,FGSM,1,0,19.375282287597656
MobileNetV2,86,PGD,0,1,10.874714851379395
MobileNetV2,86,DeepFool,0,1,1.6974204778671265
MobileNetV2,86,C&W,0,1,16.234766006469727
MobileNetV2,86,T-IFGSM,0,1,9.047715187072754
MobileNetV2,87,Baseline,1,0,0.0
MobileNetV2,87,FGSM,0,1,19.276975631713867
MobileNetV2,87,PGD,0,1,10.802267074584961
MobileNetV2,87,DeepFool,0,1,0.11676543951034546
MobileNetV2,87,C&W,0,1,23.251707077026367
MobileNetV2,87,T-IFGSM,0,1,8.490605354309082
MobileNetV2,88,Baseline,1,0,0.0
MobileNetV2,88,FGSM,0,1,19.37830352783203
MobileNetV2,88,PGD,0,1,10.717042922973633
MobileNetV2,88,DeepFool,0,1,0.06726143509149551
MobileNetV2,88,C&W,0,1,20.31708526611328
MobileNetV2,88,T-IFGSM,0,1,8.6010103225708
MobileNetV2,89,Baseline,1,0,0.0
MobileNetV2,89,FGSM,0,1,19.378490447998047
MobileNetV2,89,PGD,0,1,10.790797233581543
MobileNetV2,89,DeepFool,0,1,0.10960891097784042
MobileNetV2,89,C&W,0,1,17.573986053466797
MobileNetV2,89,T-IFGSM,0,1,8.546748161315918
MobileNetV2,90,Baseline,1,0,0.0
MobileNetV2,90,FGSM,0,1,19.369497299194336
MobileNetV2,90,PGD,0,1,10.663872718811035
MobileNetV2,90,DeepFool,0,1,0.026347439736127853
MobileNetV2,90,C&W,0,1,18.354022979736328
MobileNetV2,90,T-IFGSM,0,1,8.556800842285156
MobileNetV2,91,Baseline,1,0,0.0
MobileNetV2,91,FGSM,0,1,19.388540267944336
MobileNetV2,91,PGD,0,1,10.889843940734863
MobileNetV2,91,DeepFool,0,1,0.04343969374895096
MobileNetV2,91,C&W,0,1,17.854801177978516
MobileNetV2,91,T-IFGSM,0,1,8.583270072937012
MobileNetV2,92,Baseline,1,0,0.0
MobileNetV2,92,FGSM,0,1,19.346952438354492
MobileNetV2,92,PGD,0,1,10.758195877075195
MobileNetV2,92,DeepFool,0,1,0.20703303813934326
MobileNetV2,92,C&W,0,1,17.04796028137207
MobileNetV2,92,T-IFGSM,0,1,8.644133567810059
MobileNetV2,93,Baseline,1,0,0.0
MobileNetV2,93,FGSM,0,1,19.36957550048828
MobileNetV2,93,PGD,0,1,10.637608528137207
MobileNetV2,93,DeepFool,0,1,0.027731643989682198
MobileNetV2,93,C&W,0,1,18.11457061767578
MobileNetV2,93,T-IFGSM,0,1,8.439092636108398
MobileNetV2,94,Baseline,1,0,0.0
MobileNetV2,94,FGSM,0,1,18.99966049194336
MobileNetV2,94,PGD,0,1,10.587544441223145
MobileNetV2,94,DeepFool,0,1,0.04242107272148132
MobileNetV2,94,C&W,0,1,32.614315032958984
MobileNetV2,94,T-IFGSM,0,1,8.011602401733398
MobileNetV2,95,Baseline,1,0,0.0
MobileNetV2,95,FGSM,0,1,18.85392189025879
MobileNetV2,95,PGD,0,1,10.541648864746094
MobileNetV2,95,DeepFool,0,1,0.06336218118667603
MobileNetV2,95,C&W,0,1,39.7552375793457
MobileNetV2,95,T-IFGSM,0,1,8.250490188598633
MobileNetV2,96,Baseline,1,0,0.0
MobileNetV2,96,FGSM,0,1,19.31989288330078
MobileNetV2,96,PGD,0,1,10.612218856811523
MobileNetV2,96,DeepFool,0,1,0.0017724059289321303
MobileNetV2,96,C&W,0,1,24.122112274169922
MobileNetV2,96,T-IFGSM,0,1,8.404964447021484
MobileNetV2,97,Baseline,1,0,0.0
MobileNetV2,97,FGSM,0,1,19.280250549316406
MobileNetV2,97,PGD,0,1,10.62319564819336
MobileNetV2,97,DeepFool,0,1,0.05931120738387108
MobileNetV2,97,C&W,0,1,29.77035903930664
MobileNetV2,97,T-IFGSM,0,1,8.206722259521484
MobileNetV2,98,Baseline,1,0,0.0
MobileNetV2,98,FGSM,0,1,19.387203216552734
MobileNetV2,98,PGD,0,1,10.840815544128418
MobileNetV2,98,DeepFool,0,1,0.07281118631362915
MobileNetV2,98,C&W,0,1,19.560150146484375
MobileNetV2,98,T-IFGSM,0,1,8.9052734375
MobileNetV2,99,Baseline,1,0,0.0
MobileNetV2,99,FGSM,0,1,19.224782943725586
MobileNetV2,99,PGD,0,1,10.640066146850586
MobileNetV2,99,DeepFool,0,1,0.046841301023960114
MobileNetV2,99,C&W,0,1,34.660675048828125
MobileNetV2,99,T-IFGSM,0,1,8.360596656799316
EfficientNetB0,0,Baseline,1,0,0.0
EfficientNetB0,0,FGSM,0,1,2466.011962890625
EfficientNetB0,0,PGD,0,1,1387.1671142578125
EfficientNetB0,0,DeepFool,0,1,67.73661041259766
EfficientNetB0,0,C&W,0,1,34343.8203125
EfficientNetB0,0,T-IFGSM,0,1,1119.1080322265625
EfficientNetB0,1,Baseline,1,0,0.0
EfficientNetB0,1,FGSM,0,1,2473.197021484375
EfficientNetB0,1,PGD,0,1,1424.8541259765625
EfficientNetB0,1,DeepFool,0,1,30.293996810913086
EfficientNetB0,1,C&W,1,0,38180.8671875
EfficientNetB0,1,T-IFGSM,0,1,1241.4608154296875
EfficientNetB0,2,Baseline,1,0,0.0
EfficientNetB0,2,FGSM,1,0,2442.05078125
EfficientNetB0,2,PGD,0,1,1420.119873046875
EfficientNetB0,2,DeepFool,1,0,1547.144287109375
EfficientNetB0,2,C&W,1,0,30064.82421875
EfficientNetB0,2,T-IFGSM,0,1,1252.3681640625
EfficientNetB0,3,Baseline,1,0,0.0
EfficientNetB0,3,FGSM,0,1,2467.667236328125
EfficientNetB0,3,PGD,0,1,1385.7867431640625
EfficientNetB0,3,DeepFool,0,1,22.646827697753906
EfficientNetB0,3,C&W,0,1,22354.705078125
EfficientNetB0,3,T-IFGSM,0,1,1125.9007568359375
EfficientNetB0,4,Baseline,1,0,0.0
EfficientNetB0,4,FGSM,0,1,2438.435791015625
EfficientNetB0,4,PGD,0,1,1398.23876953125
EfficientNetB0,4,DeepFool,0,1,63.562129974365234
EfficientNetB0,4,C&W,0,1,29550.779296875
EfficientNetB0,4,T-IFGSM,0,1,1159.80615234375
EfficientNetB0,5,Baseline,1,0,0.0
EfficientNetB0,5,FGSM,1,0,2367.776123046875
EfficientNetB0,5,PGD,0,1,1324.78173828125
EfficientNetB0,5,DeepFool,0,1,178.09823608398438
EfficientNetB0,5,C&W,1,0,12133.166015625
EfficientNetB0,5,T-IFGSM,0,1,1058.113037109375
EfficientNetB0,6,Baseline,1,0,0.0
EfficientNetB0,6,FGSM,0,1,2458.2646484375
EfficientNetB0,6,PGD,0,1,1355.1241455078125
EfficientNetB0,6,DeepFool,0,1,13.562474250793457
EfficientNetB0,6,C&W,0,1,29740.548828125
EfficientNetB0,6,T-IFGSM,0,1,1213.8272705078125
EfficientNetB0,7,Baseline,1,0,0.0
EfficientNetB0,7,FGSM,0,1,2179.062255859375
EfficientNetB0,7,PGD,0,1,1300.10888671875
EfficientNetB0,7,DeepFool,0,1,6.734082221984863
EfficientNetB0,7,C&W,1,0,23209.525390625
EfficientNetB0,7,T-IFGSM,0,1,1139.167236328125
EfficientNetB0,8,Baseline,1,0,0.0
EfficientNetB0,8,FGSM,1,0,2449.531005859375
EfficientNetB0,8,PGD,0,1,1379.102294921875
EfficientNetB0,8,DeepFool,0,1,235.3676300048828
EfficientNetB0,8,C&W,1,0,9566.5634765625
EfficientNetB0,8,T-IFGSM,0,1,1100.009521484375
EfficientNetB0,9,Baseline,1,0,0.0
EfficientNetB0,9,FGSM,0,1,2472.39599609375
EfficientNetB0,9,PGD,0,1,1409.912841796875
EfficientNetB0,9,DeepFool,0,1,62.80612564086914
EfficientNetB0,9,C&W,1,0,33750.05859375
EfficientNetB0,9,T-IFGSM,0,1,1285.903076171875
EfficientNetB0,10,Baseline,1,0,0.0
EfficientNetB0,10,FGSM,0,1,2470.7138671875
EfficientNetB0,10,PGD,0,1,1390.7547607421875
EfficientNetB0,10,DeepFool,0,1,639.4137573242188
EfficientNetB0,10,C&W,1,0,29883.40625
EfficientNetB0,10,T-IFGSM,0,1,1143.1888427734375
EfficientNetB0,11,Baseline,1,0,0.0
EfficientNetB0,11,FGSM,0,1,2452.944091796875
EfficientNetB0,11,PGD,0,1,1364.083740234375
EfficientNetB0,11,DeepFool,0,1,10.285709381103516
EfficientNetB0,11,C&W,0,1,26081.51953125
EfficientNetB0,11,T-IFGSM,0,1,1135.611328125
EfficientNetB0,12,Baseline,1,0,0.0
EfficientNetB0,12,FGSM,0,1,2473.18994140625
EfficientNetB0,12,PGD,0,1,1392.0391845703125
EfficientNetB0,12,DeepFool,0,1,0.49133792519569397
EfficientNetB0,12,C&W,1,0,41781.72265625
EfficientNetB0,12,T-IFGSM,0,1,1234.8128662109375
EfficientNetB0,13,Baseline,1,0,0.0
EfficientNetB0,13,FGSM,0,1,2473.321533203125
EfficientNetB0,13,PGD,0,1,1363.0107421875
EfficientNetB0,13,DeepFool,0,1,11.443840980529785
EfficientNetB0,13,C&W,0,1,43796.46875
EfficientNetB0,13,T-IFGSM,0,1,1134.1849365234375
EfficientNetB0,14,Baseline,1,0,0.0
EfficientNetB0,14,FGSM,0,1,2472.656982421875
EfficientNetB0,14,PGD,0,1,1391.0634765625
EfficientNetB0,14,DeepFool,0,1,85.97464752197266
EfficientNetB0,14,C&W,0,1,32578.330078125
EfficientNetB0,14,T-IFGSM,0,1,1253.24658203125
EfficientNetB0,15,Baseline,1,0,0.0
EfficientNetB0,15,FGSM,0,1,2457.937744140625
EfficientNetB0,15,PGD,0,1,1391.4534912109375
EfficientNetB0,15,DeepFool,0,1,19.721593856811523
EfficientNetB0,15,C&W,1,0,20203.66796875
EfficientNetB0,15,T-IFGSM,0,1,1224.371337890625
EfficientNetB0,16,Baseline,1,0,0.0
EfficientNetB0,16,FGSM,0,1,2473.298583984375
EfficientNetB0,16,PGD,0,1,1368.56494140625
EfficientNetB0,16,DeepFool,0,1,6.539296627044678
EfficientNetB0,16,C&W,0,1,35031.6484375
EfficientNetB0,16,T-IFGSM,0,1,1120.78515625
EfficientNetB0,17,Baseline,1,0,0.0
EfficientNetB0,17,FGSM,0,1,2463.940673828125
EfficientNetB0,17,PGD,0,1,1372.186767578125
EfficientNetB0,17,DeepFool,0,1,236.79513549804688
EfficientNetB0,17,C&W,1,0,29725.564453125
EfficientNetB0,17,T-IFGSM,0,1,1204.832763671875
EfficientNetB0,18,Baseline,1,0,0.0
EfficientNetB0,18,FGSM,0,1,2455.896240234375
EfficientNetB0,18,PGD,0,1,1415.3951416015625
EfficientNetB0,18,DeepFool,0,1,54.65834426879883
EfficientNetB0,18,C&W,1,0,25464.994140625
EfficientNetB0,18,T-IFGSM,0,1,1227.727783203125
EfficientNetB0,19,Baseline,1,0,0.0
EfficientNetB0,19,FGSM,0,1,2469.984375
EfficientNetB0,19,PGD,0,1,1385.9342041015625
EfficientNetB0,19,DeepFool,0,1,8.353340148925781
EfficientNetB0,19,C&W,0,1,32324.341796875
EfficientNetB0,19,T-IFGSM,0,1,1170.55078125
EfficientNetB0,20,Baseline,1,0,0.0
EfficientNetB0,20,FGSM,0,1,2472.192138671875
EfficientNetB0,20,PGD,0,1,1403.0572509765625
EfficientNetB0,20,DeepFool,0,1,20.18422508239746
EfficientNetB0,20,C&W,0,1,31123.537109375
EfficientNetB0,20,T-IFGSM,0,1,1202.571533203125
EfficientNetB0,21,Baseline,1,0,0.0
EfficientNetB0,21,FGSM,0,1,2471.41259765625
EfficientNetB0,21,PGD,0,1,1381.3560791015625
EfficientNetB0,21,DeepFool,0,1,4.2820940017700195
EfficientNetB0,21,C&W,0,1,34347.82421875
EfficientNetB0,21,T-IFGSM,0,1,1156.335205078125
EfficientNetB0,22,Baseline,1,0,0.0
EfficientNetB0,22,FGSM,0,1,2457.2958984375
EfficientNetB0,22,PGD,0,1,1400.6591796875
EfficientNetB0,22,DeepFool,0,1,3.036888360977173
EfficientNetB0,22,C&W,0,1,33071.41015625
EfficientNetB0,22,T-IFGSM,0,1,1359.0723876953125
EfficientNetB0,23,Baseline,1,0,0.0
EfficientNetB0,23,FGSM,0,1,2463.00439453125
EfficientNetB0,23,PGD,0,1,1363.1173095703125
EfficientNetB0,23,DeepFool,0,1,13.31240177154541
EfficientNetB0,23,C&W,0,1,30359.28515625
EfficientNetB0,23,T-IFGSM,0,1,1120.5704345703125
EfficientNetB0,24,Baseline,1,0,0.0
EfficientNetB0,24,FGSM,0,1,2461.843505859375
EfficientNetB0,24,PGD,0,1,1371.0040283203125
EfficientNetB0,24,DeepFool,0,1,30.142818450927734
EfficientNetB0,24,C&W,0,1,17421.939453125
EfficientNetB0,24,T-IFGSM,0,1,1184.432861328125
EfficientNetB0,25,Baseline,1,0,0.0
EfficientNetB0,25,FGSM,0,1,2471.754150390625
EfficientNetB0,25,PGD,0,1,1442.5030517578125
EfficientNetB0,25,DeepFool,0,1,492.3554382324219
EfficientNetB0,25,C&W,1,0,26476.955078125
EfficientNetB0,25,T-IFGSM,0,1,1256.5389404296875
EfficientNetB0,26,Baseline,1,0,0.0
EfficientNetB0,26,FGSM,0,1,2455.919677734375
EfficientNetB0,26,PGD,0,1,1429.194580078125
EfficientNetB0,26,DeepFool,0,1,212.6279754638672
EfficientNetB0,26,C&W,1,0,28247.345703125
EfficientNetB0,26,T-IFGSM,0,1,1199.3079833984375
EfficientNetB0,27,Baseline,1,0,0.0
EfficientNetB0,27,FGSM,0,1,2469.656005859375
EfficientNetB0,27,PGD,0,1,1465.503173828125
EfficientNetB0,27,DeepFool,0,1,89.81502532958984
EfficientNetB0,27,C&W,0,1,35444.671875
EfficientNetB0,27,T-IFGSM,0,1,1340.6519775390625
EfficientNetB0,28,Baseline,1,0,0.0
EfficientNetB0,28,FGSM,0,1,2446.4189453125
EfficientNetB0,28,PGD,0,1,1392.192626953125
EfficientNetB0,28,DeepFool,0,1,0.3457948565483093
EfficientNetB0,28,C&W,0,1,35777.05078125
EfficientNetB0,28,T-IFGSM,0,1,1177.5467529296875
EfficientNetB0,29,Baseline,1,0,0.0
EfficientNetB0,29,FGSM,0,1,2450.445556640625
EfficientNetB0,29,PGD,0,1,1432.268310546875
EfficientNetB0,29,DeepFool,0,1,50.93387222290039
EfficientNetB0,29,C&W,1,0,29658.84375
EfficientNetB0,29,T-IFGSM,1,1,1155.7060546875
EfficientNetB0,30,Baseline,1,0,0.0
EfficientNetB0,30,FGSM,0,1,2467.12353515625
EfficientNetB0,30,PGD,0,1,1402.58251953125
EfficientNetB0,30,DeepFool,0,1,95.95494842529297
EfficientNetB0,30,C&W,1,0,31846.576171875
EfficientNetB0,30,T-IFGSM,0,1,1188.0650634765625
EfficientNetB0,31,Baseline,1,0,0.0
EfficientNetB0,31,FGSM,0,1,2433.33740234375
EfficientNetB0,31,PGD,0,1,1381.749755859375
EfficientNetB0,31,DeepFool,0,1,6.76661491394043
EfficientNetB0,31,C&W,0,1,31118.646484375
EfficientNetB0,31,T-IFGSM,0,1,1084.295166015625
EfficientNetB0,32,Baseline,1,0,0.0
EfficientNetB0,32,FGSM,0,1,2472.148681640625
EfficientNetB0,32,PGD,0,1,1381.750732421875
EfficientNetB0,32,DeepFool,0,1,2.904252767562866
EfficientNetB0,32,C&W,0,1,32590.14453125
EfficientNetB0,32,T-IFGSM,0,1,1249.892578125
EfficientNetB0,33,Baseline,1,0,0.0
EfficientNetB0,33,FGSM,0,1,2431.727294921875
EfficientNetB0,33,PGD,0,1,1432.109619140625
EfficientNetB0,33,DeepFool,0,1,2.742288112640381
EfficientNetB0,33,C&W,0,1,18404.052734375
EfficientNetB0,33,T-IFGSM,0,1,1174.1619873046875
EfficientNetB0,34,Baseline,1,0,0.0
EfficientNetB0,34,FGSM,0,1,2472.61474609375
EfficientNetB0,34,PGD,0,1,1422.41455078125
EfficientNetB0,34,DeepFool,0,1,317.6114807128906
EfficientNetB0,34,C&W,0,1,27797.7109375
EfficientNetB0,34,T-IFGSM,0,1,1160.4478759765625
EfficientNetB0,35,Baseline,1,0,0.0
EfficientNetB0,35,FGSM,0,1,2426.44775390625
EfficientNetB0,35,PGD,0,1,1349.799560546875
EfficientNetB0,35,DeepFool,0,1,0.5846013426780701
EfficientNetB0,35,C&W,0,1,24646.205078125
EfficientNetB0,35,T-IFGSM,0,1,1201.2147216796875
EfficientNetB0,36,Baseline,1,0,0.0
EfficientNetB0,36,FGSM,0,1,2470.780029296875
EfficientNetB0,36,PGD,0,1,1450.970703125
EfficientNetB0,36,DeepFool,0,1,67.48735809326172
EfficientNetB0,36,C&W,1,0,34286.7421875
EfficientNetB0,36,T-IFGSM,0,1,1346.113525390625
EfficientNetB0,37,Baseline,1,0,0.0
EfficientNetB0,37,FGSM,0,1,2471.357666015625
EfficientNetB0,37,PGD,0,1,1342.22900390625
EfficientNetB0,37,DeepFool,0,1,2.6841769218444824
EfficientNetB0,37,C&W,0,1,29709.169921875
EfficientNetB0,37,T-IFGSM,0,1,1191.205078125
EfficientNetB0,38,Baseline,1,0,0.0
EfficientNetB0,38,FGSM,0,1,2469.725830078125
EfficientNetB0,38,PGD,0,1,1365.2083740234375
EfficientNetB0,38,DeepFool,0,1,37.931060791015625
EfficientNetB0,38,C&W,0,1,36905.15625
EfficientNetB0,38,T-IFGSM,0,1,1117.081298828125
EfficientNetB0,39,Baseline,1,0,0.0
EfficientNetB0,39,FGSM,0,1,2465.440185546875
EfficientNetB0,39,PGD,0,1,1505.822021484375
EfficientNetB0,39,DeepFool,0,1,17.06894302368164
EfficientNetB0,39,C&W,0,1,30224.10546875
EfficientNetB0,39,T-IFGSM,0,1,1374.74609375
EfficientNetB0,40,Baseline,1,0,0.0
EfficientNetB0,40,FGSM,0,1,2468.83837890625
EfficientNetB0,40,PGD,0,1,1362.1312255859375
EfficientNetB0,40,DeepFool,0,1,59.44035720825195
EfficientNetB0,40,C&W,0,1,29410.28125
EfficientNetB0,40,T-IFGSM,0,1,1240.00146484375
EfficientNetB0,41,Baseline,1,0,0.0
EfficientNetB0,41,FGSM,0,1,2463.378173828125
EfficientNetB0,41,PGD,0,1,1435.3509521484375
EfficientNetB0,41,DeepFool,0,1,47.34902572631836
EfficientNetB0,41,C&W,1,0,31292.662109375
EfficientNetB0,41,T-IFGSM,0,1,1429.880615234375
EfficientNetB0,42,Baseline,1,0,0.0
EfficientNetB0,42,FGSM,0,1,2473.36572265625
EfficientNetB0,42,PGD,0,1,1347.8961181640625
EfficientNetB0,42,DeepFool,0,1,7.590959072113037
EfficientNetB0,42,C&W,0,1,33460.5234375
EfficientNetB0,42,T-IFGSM,0,1,1089.429931640625
EfficientNetB0,43,Baseline,1,0,0.0
EfficientNetB0,43,FGSM,0,1,2473.154541015625
EfficientNetB0,43,PGD,0,1,1415.1876220703125
EfficientNetB0,43,DeepFool,0,1,19.10102653503418
EfficientNetB0,43,C&W,0,1,36059.4296875
EfficientNetB0,43,T-IFGSM,0,1,1209.164794921875
EfficientNetB0,44,Baseline,1,0,0.0
EfficientNetB0,44,FGSM,0,1,2272.37451171875
EfficientNetB0,44,PGD,0,1,1304.45361328125
EfficientNetB0,44,DeepFool,0,1,1.6337335109710693
EfficientNetB0,44,C&W,0,1,20152.00390625
EfficientNetB0,44,T-IFGSM,0,1,1190.0169677734375
EfficientNetB0,45,Baseline,1,0,0.0
EfficientNetB0,45,FGSM,0,1,2416.933837890625
EfficientNetB0,45,PGD,0,1,1350.658447265625
EfficientNetB0,45,DeepFool,0,1,9.509998321533203
EfficientNetB0,45,C&W,0,1,20409.9609375
EfficientNetB0,45,T-IFGSM,0,1,1126.7728271484375
EfficientNetB0,46,Baseline,1,0,0.0
EfficientNetB0,46,FGSM,0,1,2369.161865234375
EfficientNetB0,46,PGD,0,1,1346.658935546875
EfficientNetB0,46,DeepFool,0,1,222.620361328125
EfficientNetB0,46,C&W,1,0,17284.173828125
EfficientNetB0,46,T-IFGSM,0,1,1183.7869873046875
EfficientNetB0,47,Baseline,1,0,0.0
EfficientNetB0,47,FGSM,0,1,1917.4814453125
EfficientNetB0,47,PGD,0,1,1292.544189453125
EfficientNetB0,47,DeepFool,1,0,24.091991424560547
EfficientNetB0,47,C&W,0,1,11323.4560546875
EfficientNetB0,47,T-IFGSM,0,1,1092.2783203125
EfficientNetB0,48,Baseline,1,0,0.0
EfficientNetB0,48,FGSM,0,1,2473.329345703125
EfficientNetB0,48,PGD,0,1,1406.840087890625
EfficientNetB0,48,DeepFool,0,1,52.21974182128906
EfficientNetB0,48,C&W,0,1,37465.81640625
EfficientNetB0,48,T-IFGSM,0,1,1217.3472900390625
EfficientNetB0,49,Baseline,1,0,0.0
EfficientNetB0,49,FGSM,0,1,2286.709716796875
EfficientNetB0,49,PGD,0,1,1366.5279541015625
EfficientNetB0,49,DeepFool,0,1,12.228599548339844
EfficientNetB0,49,C&W,1,0,23186.26953125
EfficientNetB0,49,T-IFGSM,0,1,1219.783935546875
EfficientNetB0,50,Baseline,1,0,0.0
EfficientNetB0,50,FGSM,0,1,2473.03759765625
EfficientNetB0,50,PGD,0,1,1475.8878173828125
EfficientNetB0,50,DeepFool,0,1,8.780672073364258
EfficientNetB0,50,C&W,0,1,25651.05859375
EfficientNetB0,50,T-IFGSM,0,1,1365.2244873046875
EfficientNetB0,51,Baseline,1,0,0.0
EfficientNetB0,51,FGSM,0,1,2472.19189453125
EfficientNetB0,51,PGD,0,1,1404.8782958984375
EfficientNetB0,51,DeepFool,0,1,22.28424835205078
EfficientNetB0,51,C&W,0,1,28979.556640625
EfficientNetB0,51,T-IFGSM,0,1,1185.3773193359375
EfficientNetB0,52,Baseline,1,0,0.0
EfficientNetB0,52,FGSM,0,1,2346.354736328125
EfficientNetB0,52,PGD,0,1,1327.24609375
EfficientNetB0,52,DeepFool,0,1,11.202518463134766
EfficientNetB0,52,C&W,0,1,20487.80859375
EfficientNetB0,52,T-IFGSM,0,1,1071.6826171875
EfficientNetB0,53,Baseline,1,0,0.0
EfficientNetB0,53,FGSM,0,1,2458.9111328125
EfficientNetB0,53,PGD,0,1,1381.4703369140625
EfficientNetB0,53,DeepFool,0,1,49.63546371459961
EfficientNetB0,53,C&W,0,1,28637.095703125
EfficientNetB0,53,T-IFGSM,0,1,1192.6397705078125
EfficientNetB0,54,Baseline,1,0,0.0
EfficientNetB0,54,FGSM,1,0,2457.376220703125
EfficientNetB0,54,PGD,0,1,1421.26806640625
EfficientNetB0,54,DeepFool,0,1,980.4232788085938
EfficientNetB0,54,C&W,1,0,28636.724609375
EfficientNetB0,54,T-IFGSM,0,1,1277.9075927734375
EfficientNetB0,55,Baseline,1,0,0.0
EfficientNetB0,55,FGSM,0,1,2468.75830078125
EfficientNetB0,55,PGD,0,1,1450.00732421875
EfficientNetB0,55,DeepFool,0,1,4.142832279205322
EfficientNetB0,55,C&W,0,1,31285.408203125
EfficientNetB0,55,T-IFGSM,0,1,1367.611572265625
EfficientNetB0,56,Baseline,1,0,0.0
EfficientNetB0,56,FGSM,0,1,2472.06591796875
EfficientNetB0,56,PGD,0,1,1419.3382568359375
EfficientNetB0,56,DeepFool,0,1,6.9732818603515625
EfficientNetB0,56,C&W,0,1,23690.8125
EfficientNetB0,56,T-IFGSM,0,1,1232.408935546875
EfficientNetB0,57,Baseline,1,0,0.0
EfficientNetB0,57,FGSM,0,1,2461.381103515625
EfficientNetB0,57,PGD,0,1,1389.3302001953125
EfficientNetB0,57,DeepFool,0,1,0.7647254467010498
EfficientNetB0,57,C&W,0,1,27126.669921875
EfficientNetB0,57,T-IFGSM,0,1,1194.124755859375
EfficientNetB0,58,Baseline,1,0,0.0
EfficientNetB0,58,FGSM,0,1,2459.834228515625
EfficientNetB0,58,PGD,0,1,1451.58203125
EfficientNetB0,58,DeepFool,0,1,25.597076416015625
EfficientNetB0,58,C&W,0,1,31583.40234375
EfficientNetB0,58,T-IFGSM,0,1,1323.8985595703125
EfficientNetB0,59,Baseline,1,0,0.0
EfficientNetB0,59,FGSM,0,1,2354.09521484375
EfficientNetB0,59,PGD,0,1,1410.2237548828125
EfficientNetB0,59,DeepFool,0,1,35.47743225097656
EfficientNetB0,59,C&W,0,1,29728.849609375
EfficientNetB0,59,T-IFGSM,0,1,1247.4342041015625
EfficientNetB0,60,Baseline,1,0,0.0
EfficientNetB0,60,FGSM,0,1,2425.98291015625
EfficientNetB0,60,PGD,0,1,1392.66259765625
EfficientNetB0,60,DeepFool,0,1,9.393525123596191
EfficientNetB0,60,C&W,0,1,23277.537109375
EfficientNetB0,60,T-IFGSM,0,1,1141.6529541015625
EfficientNetB0,61,Baseline,1,0,0.0
EfficientNetB0,61,FGSM,0,1,2451.88427734375
EfficientNetB0,61,PGD,0,1,1390.076904296875
EfficientNetB0,61,DeepFool,0,1,4.7729291915893555
EfficientNetB0,61,C&W,0,1,29542.357421875
EfficientNetB0,61,T-IFGSM,0,1,1230.7066650390625
EfficientNetB0,62,Baseline,1,0,0.0
EfficientNetB0,62,FGSM,0,1,2473.27294921875
EfficientNetB0,62,PGD,0,1,1382.46044921875
EfficientNetB0,62,DeepFool,0,1,6.100730895996094
EfficientNetB0,62,C&W,0,1,34002.484375
EfficientNetB0,62,T-IFGSM,0,1,1241.8756103515625
EfficientNetB0,63,Baseline,1,0,0.0
EfficientNetB0,63,FGSM,0,1,2462.695068359375
EfficientNetB0,63,PGD,0,1,1372.89453125
EfficientNetB0,63,DeepFool,0,1,8.475116729736328
EfficientNetB0,63,C&W,0,1,30858.861328125
EfficientNetB0,63,T-IFGSM,0,1,1157.5404052734375
EfficientNetB0,64,Baseline,1,0,0.0
EfficientNetB0,64,FGSM,0,1,2471.57421875
EfficientNetB0,64,PGD,0,1,1381.7215576171875
EfficientNetB0,64,DeepFool,0,1,56.50532913208008
EfficientNetB0,64,C&W,0,1,32880.078125
EfficientNetB0,64,T-IFGSM,0,1,1135.44677734375
EfficientNetB0,65,Baseline,1,0,0.0
EfficientNetB0,65,FGSM,0,1,2469.13134765625
EfficientNetB0,65,PGD,0,1,1368.7735595703125
EfficientNetB0,65,DeepFool,0,1,8.245769500732422
EfficientNetB0,65,C&W,0,1,36063.3046875
EfficientNetB0,65,T-IFGSM,0,1,1170.575439453125
EfficientNetB0,66,Baseline,1,0,0.0
EfficientNetB0,66,FGSM,0,1,2465.57373046875
EfficientNetB0,66,PGD,0,1,1408.637939453125
EfficientNetB0,66,DeepFool,0,1,106.17303466796875
EfficientNetB0,66,C&W,0,1,23054.654296875
EfficientNetB0,66,T-IFGSM,0,1,1255.5955810546875
EfficientNetB0,67,Baseline,1,0,0.0
EfficientNetB0,67,FGSM,0,1,2470.418212890625
EfficientNetB0,67,PGD,0,1,1398.955322265625
EfficientNetB0,67,DeepFool,0,1,232.4501953125
EfficientNetB0,67,C&W,0,1,33182.703125
EfficientNetB0,67,T-IFGSM,0,1,1310.446044921875
EfficientNetB0,68,Baseline,1,0,0.0
EfficientNetB0,68,FGSM,0,1,2473.359619140625
EfficientNetB0,68,PGD,0,1,1409.3397216796875
EfficientNetB0,68,DeepFool,0,1,606.57568359375
EfficientNetB0,68,C&W,1,0,34879.2421875
EfficientNetB0,68,T-IFGSM,0,1,1216.76220703125
EfficientNetB0,69,Baseline,1,0,0.0
EfficientNetB0,69,FGSM,0,1,2459.989013671875
EfficientNetB0,69,PGD,0,1,1420.0712890625
EfficientNetB0,69,DeepFool,0,1,16.15316390991211
EfficientNetB0,69,C&W,1,0,25153.634765625
EfficientNetB0,69,T-IFGSM,0,1,1248.7916259765625
EfficientNetB0,70,Baseline,1,0,0.0
EfficientNetB0,70,FGSM,0,1,2473.1748046875
EfficientNetB0,70,PGD,0,1,1394.65673828125
EfficientNetB0,70,DeepFool,0,1,199.73008728027344
EfficientNetB0,70,C&W,1,0,34398.4453125
EfficientNetB0,70,T-IFGSM,0,1,1153.237548828125
EfficientNetB0,71,Baseline,1,0,0.0
EfficientNetB0,71,FGSM,0,1,2467.580810546875
EfficientNetB0,71,PGD,0,1,1410.044189453125
EfficientNetB0,71,DeepFool,0,1,4.343997001647949
EfficientNetB0,71,C&W,0,1,30796.828125
EfficientNetB0,71,T-IFGSM,0,1,1279.003173828125
EfficientNetB0,72,Baseline,1,0,0.0
EfficientNetB0,72,FGSM,1,0,2429.364990234375
EfficientNetB0,72,PGD,0,1,1463.281494140625
EfficientNetB0,72,DeepFool,0,1,447.447998046875
EfficientNetB0,72,C&W,1,0,30498.7734375
EfficientNetB0,72,T-IFGSM,0,1,1350.0946044921875
EfficientNetB0,73,Baseline,1,0,0.0
EfficientNetB0,73,FGSM,0,1,2473.36279296875
EfficientNetB0,73,PGD,0,1,1411.4842529296875
EfficientNetB0,73,DeepFool,0,1,16.044286727905273
EfficientNetB0,73,C&W,0,1,38183.65625
EfficientNetB0,73,T-IFGSM,0,1,1201.94384765625
EfficientNetB0,74,Baseline,1,0,0.0
EfficientNetB0,74,FGSM,0,1,2460.097412109375
EfficientNetB0,74,PGD,0,1,1471.607666015625
EfficientNetB0,74,DeepFool,0,1,530.2713012695312
EfficientNetB0,74,C&W,1,0,29458.396484375
EfficientNetB0,74,T-IFGSM,0,1,1350.2730712890625
EfficientNetB0,75,Baseline,1,0,0.0
EfficientNetB0,75,FGSM,0,1,2473.21435546875
EfficientNetB0,75,PGD,0,1,1456.3975830078125
EfficientNetB0,75,DeepFool,0,1,43.77538299560547
EfficientNetB0,75,C&W,1,0,31499.197265625
EfficientNetB0,75,T-IFGSM,0,1,1312.7169189453125
EfficientNetB0,76,Baseline,1,0,0.0
EfficientNetB0,76,FGSM,0,1,2431.67431640625
EfficientNetB0,76,PGD,0,1,1343.988037109375
EfficientNetB0,76,DeepFool,0,1,12.788726806640625
EfficientNetB0,76,C&W,0,1,19966.423828125
EfficientNetB0,76,T-IFGSM,0,1,1183.3310546875
EfficientNetB0,77,Baseline,1,0,0.0
EfficientNetB0,77,FGSM,1,0,2470.424560546875
EfficientNetB0,77,PGD,0,1,1449.0257568359375
EfficientNetB0,77,DeepFool,0,1,180.53773498535156
EfficientNetB0,77,C&W,1,0,26707.298828125
EfficientNetB0,77,T-IFGSM,0,1,1179.89697265625
EfficientNetB0,78,Baseline,1,0,0.0
EfficientNetB0,78,FGSM,0,1,2232.451904296875
EfficientNetB0,78,PGD,0,1,1481.3509521484375
EfficientNetB0,78,DeepFool,1,0,140.41014099121094
EfficientNetB0,78,C&W,1,0,27552.09375
EfficientNetB0,78,T-IFGSM,0,1,1316.69384765625
EfficientNetB0,79,Baseline,1,0,0.0
EfficientNetB0,79,FGSM,0,1,2473.338134765625
EfficientNetB0,79,PGD,0,1,1401.2138671875
EfficientNetB0,79,DeepFool,0,1,14.479991912841797
EfficientNetB0,79,C&W,0,1,25186.427734375
EfficientNetB0,79,T-IFGSM,0,1,1174.137451171875
EfficientNetB0,80,Baseline,1,0,0.0
EfficientNetB0,80,FGSM,0,1,2472.9111328125
EfficientNetB0,80,PGD,0,1,1381.43896484375
EfficientNetB0,80,DeepFool,0,1,3.6622068881988525
EfficientNetB0,80,C&W,0,1,22388.521484375
EfficientNetB0,80,T-IFGSM,0,1,1204.5706787109375
EfficientNetB0,81,Baseline,1,0,0.0
EfficientNetB0,81,FGSM,0,1,2457.14599609375
EfficientNetB0,81,PGD,0,1,1430.0625
EfficientNetB0,81,DeepFool,0,1,57.19446563720703
EfficientNetB0,81,C&W,1,0,27647.4609375
EfficientNetB0,81,T-IFGSM,0,1,1236.4254150390625
EfficientNetB0,82,Baseline,1,0,0.0
EfficientNetB0,82,FGSM,1,0,2122.373291015625
EfficientNetB0,82,PGD,0,1,1314.767578125
EfficientNetB0,82,DeepFool,0,1,273.203857421875
EfficientNetB0,82,C&W,0,1,11941.470703125
EfficientNetB0,82,T-IFGSM,0,0,1055.4176025390625
EfficientNetB0,83,Baseline,1,0,0.0
EfficientNetB0,83,FGSM,0,1,2471.01513671875
EfficientNetB0,83,PGD,0,1,1455.211181640625
EfficientNetB0,83,DeepFool,0,1,45.52290344238281
EfficientNetB0,83,C&W,0,1,38406.09375
EfficientNetB0,83,T-IFGSM,0,1,1275.894287109375
EfficientNetB0,84,Baseline,1,0,0.0
EfficientNetB0,84,FGSM,0,1,2470.4853515625
EfficientNetB0,84,PGD,0,1,1471.15869140625
EfficientNetB0,84,DeepFool,0,1,37.83188247680664
EfficientNetB0,84,C&W,0,1,33222.7265625
EfficientNetB0,84,T-IFGSM,0,1,1384.173095703125
EfficientNetB0,85,Baseline,1,0,0.0
EfficientNetB0,85,FGSM,0,1,2472.267333984375
EfficientNetB0,85,PGD,0,1,1417.5804443359375
EfficientNetB0,85,DeepFool,0,1,39.43977737426758
EfficientNetB0,85,C&W,0,1,35509.859375
EfficientNetB0,85,T-IFGSM,0,1,1391.939208984375
EfficientNetB0,86,Baseline,1,0,0.0
EfficientNetB0,86,FGSM,1,0,2470.339599609375
EfficientNetB0,86,PGD,0,1,1546.19189453125
EfficientNetB0,86,DeepFool,0,1,487.85125732421875
EfficientNetB0,86,C&W,1,0,34629.5078125
EfficientNetB0,86,T-IFGSM,0,1,1398.3848876953125
EfficientNetB0,87,Baseline,1,0,0.0
EfficientNetB0,87,FGSM,0,1,2457.392578125
EfficientNetB0,87,PGD,0,1,1427.356689453125
EfficientNetB0,87,DeepFool,0,1,29.445728302001953
EfficientNetB0,87,C&W,1,0,31681.96875
EfficientNetB0,87,T-IFGSM,0,1,1220.387939453125
EfficientNetB0,88,Baseline,1,0,0.0
EfficientNetB0,88,FGSM,0,1,2471.575927734375
EfficientNetB0,88,PGD,0,1,1388.85400390625
EfficientNetB0,88,DeepFool,0,1,16.267499923706055
EfficientNetB0,88,C&W,0,1,30877.81640625
EfficientNetB0,88,T-IFGSM,0,1,1213.692138671875
EfficientNetB0,89,Baseline,1,0,0.0
EfficientNetB0,89,FGSM,0,1,2470.50390625
EfficientNetB0,89,PGD,0,1,1418.860595703125
EfficientNetB0,89,DeepFool,0,1,24.247303009033203
EfficientNetB0,89,C&W,0,1,32397.568359375
EfficientNetB0,89,T-IFGSM,0,1,1347.5623779296875
EfficientNetB0,90,Baseline,1,0,0.0
EfficientNetB0,90,FGSM,0,1,2469.368896484375
EfficientNetB0,90,PGD,0,1,1386.7750244140625
EfficientNetB0,90,DeepFool,0,1,15.484159469604492
EfficientNetB0,90,C&W,1,0,31768.31640625
EfficientNetB0,90,T-IFGSM,0,1,1221.7001953125
EfficientNetB0,91,Baseline,1,0,0.0
EfficientNetB0,91,FGSM,0,1,2472.010009765625
EfficientNetB0,91,PGD,0,1,1466.890380859375
EfficientNetB0,91,DeepFool,0,1,3.4793121814727783
EfficientNetB0,91,C&W,1,0,34188.28125
EfficientNetB0,91,T-IFGSM,0,1,1327.1993408203125
EfficientNetB0,92,Baseline,1,0,0.0
EfficientNetB0,92,FGSM,0,1,2467.063720703125
EfficientNetB0,92,PGD,0,1,1406.81591796875
EfficientNetB0,92,DeepFool,0,1,255.45606994628906
EfficientNetB0,92,C&W,1,0,35403.8203125
EfficientNetB0,92,T-IFGSM,0,1,1293.8878173828125
EfficientNetB0,93,Baseline,1,0,0.0
EfficientNetB0,93,FGSM,0,1,2469.468017578125
EfficientNetB0,93,PGD,0,1,1407.57763671875
EfficientNetB0,93,DeepFool,0,1,105.16901397705078
EfficientNetB0,93,C&W,0,1,35113.88671875
EfficientNetB0,93,T-IFGSM,0,1,1158.81103515625
EfficientNetB0,94,Baseline,1,0,0.0
EfficientNetB0,94,FGSM,0,1,2423.02197265625
EfficientNetB0,94,PGD,0,1,1373.399658203125
EfficientNetB0,94,DeepFool,0,1,1.1665860414505005
EfficientNetB0,94,C&W,0,1,29442.34765625
EfficientNetB0,94,T-IFGSM,0,1,1158.8055419921875
EfficientNetB0,95,Baseline,1,0,0.0
EfficientNetB0,95,FGSM,0,1,2403.18115234375
EfficientNetB0,95,PGD,0,1,1367.7628173828125
EfficientNetB0,95,DeepFool,0,1,19.411869049072266
EfficientNetB0,95,C&W,0,1,25935.7578125
EfficientNetB0,95,T-IFGSM,0,1,1112.7847900390625
EfficientNetB0,96,Baseline,1,0,0.0
EfficientNetB0,96,FGSM,0,1,2463.055419921875
EfficientNetB0,96,PGD,0,1,1405.4029541015625
EfficientNetB0,96,DeepFool,0,1,3.182703733444214
EfficientNetB0,96,C&W,0,1,31328.4375
EfficientNetB0,96,T-IFGSM,0,1,1220.0316162109375
EfficientNetB0,97,Baseline,1,0,0.0
EfficientNetB0,97,FGSM,0,1,2458.66796875
EfficientNetB0,97,PGD,0,1,1398.8895263671875
EfficientNetB0,97,DeepFool,0,1,10.79514217376709
EfficientNetB0,97,C&W,0,1,26730.0703125
EfficientNetB0,97,T-IFGSM,0,1,1212.919677734375
EfficientNetB0,98,Baseline,1,0,0.0
EfficientNetB0,98,FGSM,0,1,2471.9521484375
EfficientNetB0,98,PGD,0,1,1533.8680419921875
EfficientNetB0,98,DeepFool,0,1,234.56155395507812
EfficientNetB0,98,C&W,1,0,28677.103515625
EfficientNetB0,98,T-IFGSM,0,1,1353.1146240234375
EfficientNetB0,99,Baseline,1,0,0.0
EfficientNetB0,99,FGSM,0,1,2451.164306640625
EfficientNetB0,99,PGD,0,1,1411.0372314453125
EfficientNetB0,99,DeepFool,0,1,2.526782989501953
EfficientNetB0,99,C&W,0,1,25447.771484375
EfficientNetB0,99,T-IFGSM,0,1,1245.5140380859375
InceptionV3,0,Baseline,1,0,0.0
InceptionV3,0,FGSM,0,1,25.806499481201172
InceptionV3,0,PGD,0,1,14.276714324951172
InceptionV3,0,DeepFool,0,1,0.11854806542396545
InceptionV3,0,C&W,0,1,21.524070739746094
InceptionV3,0,T-IFGSM,0,1,11.233816146850586
InceptionV3,1,Baseline,1,0,0.0
InceptionV3,1,FGSM,0,1,25.89249610900879
InceptionV3,1,PGD,0,1,14.197521209716797
InceptionV3,1,DeepFool,0,1,0.22172929346561432
InceptionV3,1,C&W,0,1,8.596943855285645
InceptionV3,1,T-IFGSM,0,1,11.14370346069336
InceptionV3,2,Baseline,1,0,0.0
InceptionV3,2,FGSM,0,1,25.558391571044922
InceptionV3,2,PGD,0,1,14.258779525756836
InceptionV3,2,DeepFool,0,1,35.35368347167969
InceptionV3,2,C&W,1,0,39.789302825927734
InceptionV3,2,T-IFGSM,0,1,11.136927604675293
InceptionV3,3,Baseline,1,0,0.0
InceptionV3,3,FGSM,0,1,25.833232879638672
InceptionV3,3,PGD,0,1,14.346938133239746
InceptionV3,3,DeepFool,0,1,0.00931350514292717
InceptionV3,3,C&W,0,1,41.205718994140625
InceptionV3,3,T-IFGSM,0,1,11.157090187072754
InceptionV3,4,Baseline,1,0,0.0
InceptionV3,4,FGSM,0,1,25.522987365722656
InceptionV3,4,PGD,0,1,14.230051040649414
InceptionV3,4,DeepFool,0,1,0.0016674306243658066
InceptionV3,4,C&W,0,1,39.633419036865234
InceptionV3,4,T-IFGSM,0,1,11.124808311462402
InceptionV3,5,Baseline,1,0,0.0
InceptionV3,5,FGSM,0,1,24.784343719482422
InceptionV3,5,PGD,0,1,14.002448081970215
InceptionV3,5,DeepFool,0,1,0.18558236956596375
InceptionV3,5,C&W,0,1,76.5409927368164
InceptionV3,5,T-IFGSM,0,1,10.80612850189209
InceptionV3,6,Baseline,1,0,0.0
InceptionV3,6,FGSM,0,1,25.739517211914062
InceptionV3,6,PGD,0,1,14.118197441101074
InceptionV3,6,DeepFool,0,1,0.015808356925845146
InceptionV3,6,C&W,0,1,34.92305374145508
InceptionV3,6,T-IFGSM,0,1,11.089567184448242
InceptionV3,7,Baseline,1,0,0.0
InceptionV3,7,FGSM,0,1,22.813663482666016
InceptionV3,7,PGD,0,1,13.33642578125
InceptionV3,7,DeepFool,0,1,0.02969062328338623
InceptionV3,7,C&W,0,1,77.21369934082031
InceptionV3,7,T-IFGSM,0,1,10.394200325012207
InceptionV3,8,Baseline,1,0,0.0
InceptionV3,8,FGSM,1,0,25.63625144958496
InceptionV3,8,PGD,0,1,14.371313095092773
InceptionV3,8,DeepFool,0,1,2.3079991340637207
InceptionV3,8,C&W,1,0,83.7998275756836
InceptionV3,8,T-IFGSM,0,0,11.18982219696045
InceptionV3,9,Baseline,1,0,0.0
InceptionV3,9,FGSM,0,1,25.88300895690918
InceptionV3,9,PGD,0,1,14.404053688049316
InceptionV3,9,DeepFool,0,1,2.17362904548645
InceptionV3,9,C&W,0,1,21.11115074157715
InceptionV3,9,T-IFGSM,0,1,11.196825981140137
InceptionV3,10,Baseline,1,0,0.0
InceptionV3,10,FGSM,0,1,25.863603591918945
InceptionV3,10,PGD,0,1,14.406601905822754
InceptionV3,10,DeepFool,0,1,1.0537784099578857
InceptionV3,10,C&W,0,1,33.194358825683594
InceptionV3,10,T-IFGSM,0,1,11.093836784362793
InceptionV3,11,Baseline,1,0,0.0
InceptionV3,11,FGSM,0,1,25.67881965637207
InceptionV3,11,PGD,0,1,14.392298698425293
InceptionV3,11,DeepFool,1,0,0.1760808676481247
InceptionV3,11,C&W,0,1,47.067718505859375
InceptionV3,11,T-IFGSM,0,1,11.064638137817383
InceptionV3,12,Baseline,1,0,0.0
InceptionV3,12,FGSM,0,1,25.892126083374023
InceptionV3,12,PGD,0,1,14.344605445861816
InceptionV3,12,DeepFool,0,1,0.061577558517456055
InceptionV3,12,C&W,0,1,9.662442207336426
InceptionV3,12,T-IFGSM,0,1,11.06628704071045
InceptionV3,13,Baseline,1,0,0.0
InceptionV3,13,FGSM,0,1,25.89373016357422
InceptionV3,13,PGD,0,1,14.302966117858887
InceptionV3,13,DeepFool,0,1,0.055425938218832016
InceptionV3,13,C&W,0,1,4.0041375160217285
InceptionV3,13,T-IFGSM,0,1,11.042459487915039
InceptionV3,14,Baseline,1,0,0.0
InceptionV3,14,FGSM,0,1,25.886585235595703
InceptionV3,14,PGD,0,1,14.30825138092041
InceptionV3,14,DeepFool,0,1,0.07081308215856552
InceptionV3,14,C&W,0,1,19.068946838378906
InceptionV3,14,T-IFGSM,0,1,11.125672340393066
InceptionV3,15,Baseline,1,0,0.0
InceptionV3,15,FGSM,0,1,25.731475830078125
InceptionV3,15,PGD,0,1,14.250140190124512
InceptionV3,15,DeepFool,0,1,0.3313312530517578
InceptionV3,15,C&W,1,0,46.549495697021484
InceptionV3,15,T-IFGSM,0,1,11.092107772827148
InceptionV3,16,Baseline,1,0,0.0
InceptionV3,16,FGSM,0,1,25.892719268798828
InceptionV3,16,PGD,0,1,14.41597843170166
InceptionV3,16,DeepFool,0,1,0.4968070983886719
InceptionV3,16,C&W,0,1,10.658661842346191
InceptionV3,16,T-IFGSM,0,1,11.099385261535645
InceptionV3,17,Baseline,1,0,0.0
InceptionV3,17,FGSM,0,1,25.792375564575195
InceptionV3,17,PGD,0,1,14.394976615905762
InceptionV3,17,DeepFool,0,1,1.3718981742858887
InceptionV3,17,C&W,0,1,37.983642578125
InceptionV3,17,T-IFGSM,0,1,11.064460754394531
InceptionV3,18,Baseline,1,0,0.0
InceptionV3,18,FGSM,0,1,25.714202880859375
InceptionV3,18,PGD,0,1,14.24925708770752
InceptionV3,18,DeepFool,0,1,0.11959446221590042
InceptionV3,18,C&W,0,1,38.29857635498047
InceptionV3,18,T-IFGSM,0,1,11.201961517333984
InceptionV3,19,Baseline,1,0,0.0
InceptionV3,19,FGSM,0,1,25.85639190673828
InceptionV3,19,PGD,0,1,14.316357612609863
InceptionV3,19,DeepFool,1,0,0.01114705391228199
InceptionV3,19,C&W,0,1,29.668838500976562
InceptionV3,19,T-IFGSM,0,1,11.220525741577148
InceptionV3,20,Baseline,1,0,0.0
InceptionV3,20,FGSM,0,1,25.88125991821289
InceptionV3,20,PGD,0,1,14.26233959197998
InceptionV3,20,DeepFool,0,1,0.009401772171258926
InceptionV3,20,C&W,0,1,22.75483512878418
InceptionV3,20,T-IFGSM,0,1,11.08865737915039
InceptionV3,21,Baseline,1,0,0.0
InceptionV3,21,FGSM,0,1,25.87362289428711
InceptionV3,21,PGD,0,1,14.300986289978027
InceptionV3,21,DeepFool,0,1,0.033909108489751816
InceptionV3,21,C&W,0,1,23.7471923828125
InceptionV3,21,T-IFGSM,0,1,11.112424850463867
InceptionV3,22,Baseline,1,0,0.0
InceptionV3,22,FGSM,0,1,25.73388671875
InceptionV3,22,PGD,0,1,14.355836868286133
InceptionV3,22,DeepFool,0,1,0.05223491042852402
InceptionV3,22,C&W,0,1,30.951663970947266
InceptionV3,22,T-IFGSM,0,1,11.349246978759766
InceptionV3,23,Baseline,1,0,0.0
InceptionV3,23,FGSM,0,1,25.79216766357422
InceptionV3,23,PGD,0,1,14.17431354522705
InceptionV3,23,DeepFool,0,1,0.09022095799446106
InceptionV3,23,C&W,0,1,31.110015869140625
InceptionV3,23,T-IFGSM,0,1,11.069299697875977
InceptionV3,24,Baseline,1,0,0.0
InceptionV3,24,FGSM,0,1,25.77339744567871
InceptionV3,24,PGD,0,1,14.254615783691406
InceptionV3,24,DeepFool,0,1,0.23119665682315826
InceptionV3,24,C&W,0,1,63.38339614868164
InceptionV3,24,T-IFGSM,0,1,11.141772270202637
InceptionV3,25,Baseline,1,0,0.0
InceptionV3,25,FGSM,1,0,25.876516342163086
InceptionV3,25,PGD,0,1,14.376139640808105
InceptionV3,25,DeepFool,0,1,4.252971172332764
InceptionV3,25,C&W,0,1,28.318103790283203
InceptionV3,25,T-IFGSM,0,1,11.219286918640137
InceptionV3,26,Baseline,1,0,0.0
InceptionV3,26,FGSM,0,1,25.681896209716797
InceptionV3,26,PGD,0,1,14.2250394821167
InceptionV3,26,DeepFool,0,1,1.085404396057129
InceptionV3,26,C&W,0,1,36.368656158447266
InceptionV3,26,T-IFGSM,0,1,11.211625099182129
InceptionV3,27,Baseline,1,0,0.0
InceptionV3,27,FGSM,0,1,25.861927032470703
InceptionV3,27,PGD,0,1,14.425718307495117
InceptionV3,27,DeepFool,0,1,1.734525442123413
InceptionV3,27,C&W,0,1,20.45653533935547
InceptionV3,27,T-IFGSM,0,1,11.11102294921875
InceptionV3,28,Baseline,1,0,0.0
InceptionV3,28,FGSM,0,1,25.59630584716797
InceptionV3,28,PGD,0,1,14.06557846069336
InceptionV3,28,DeepFool,0,1,0.03612099960446358
InceptionV3,28,C&W,0,1,30.552431106567383
InceptionV3,28,T-IFGSM,0,1,11.087358474731445
InceptionV3,29,Baseline,1,0,0.0
InceptionV3,29,FGSM,0,1,25.678524017333984
InceptionV3,29,PGD,0,1,14.278889656066895
InceptionV3,29,DeepFool,0,1,0.14557546377182007
InceptionV3,29,C&W,0,1,37.78694534301758
InceptionV3,29,T-IFGSM,1,1,10.91364860534668
InceptionV3,30,Baseline,1,0,0.0
InceptionV3,30,FGSM,0,1,25.8227596282959
InceptionV3,30,PGD,0,1,14.273460388183594
InceptionV3,30,DeepFool,0,1,0.01987317018210888
InceptionV3,30,C&W,0,1,26.706506729125977
InceptionV3,30,T-IFGSM,0,1,11.13953971862793
InceptionV3,31,Baseline,1,0,0.0
InceptionV3,31,FGSM,0,1,25.47616195678711
InceptionV3,31,PGD,0,1,14.247175216674805
InceptionV3,31,DeepFool,0,1,0.00401973957195878
InceptionV3,31,C&W,0,1,43.473445892333984
InceptionV3,31,T-IFGSM,0,1,10.953789710998535
InceptionV3,32,Baseline,1,0,0.0
InceptionV3,32,FGSM,0,1,25.879491806030273
InceptionV3,32,PGD,0,1,14.351707458496094
InceptionV3,32,DeepFool,0,1,0.045238886028528214
InceptionV3,32,C&W,0,1,26.516761779785156
InceptionV3,32,T-IFGSM,0,1,11.126326560974121
InceptionV3,33,Baseline,1,0,0.0
InceptionV3,33,FGSM,0,1,25.4427547454834
InceptionV3,33,PGD,0,1,14.264893531799316
InceptionV3,33,DeepFool,0,1,0.006631662603467703
InceptionV3,33,C&W,0,1,63.65985870361328
InceptionV3,33,T-IFGSM,0,1,11.27128791809082
InceptionV3,34,Baseline,1,0,0.0
InceptionV3,34,FGSM,1,0,25.88699722290039
InceptionV3,34,PGD,0,1,14.460508346557617
InceptionV3,34,DeepFool,0,1,42.23819351196289
InceptionV3,34,C&W,1,0,24.35257911682129
InceptionV3,34,T-IFGSM,0,1,11.165637016296387
InceptionV3,35,Baseline,1,0,0.0
InceptionV3,35,FGSM,0,1,25.387990951538086
InceptionV3,35,PGD,0,1,14.064435005187988
InceptionV3,35,DeepFool,0,1,9.206686809193343e-05
InceptionV3,35,C&W,0,1,49.363182067871094
InceptionV3,35,T-IFGSM,0,1,11.007001876831055
InceptionV3,36,Baseline,1,0,0.0
InceptionV3,36,FGSM,0,1,25.871265411376953
InceptionV3,36,PGD,0,1,14.3956298828125
InceptionV3,36,DeepFool,0,1,0.29083582758903503
InceptionV3,36,C&W,0,1,24.871532440185547
InceptionV3,36,T-IFGSM,0,1,11.19871711730957
InceptionV3,37,Baseline,1,0,0.0
InceptionV3,37,FGSM,0,1,25.86783218383789
InceptionV3,37,PGD,0,1,14.35643196105957
InceptionV3,37,DeepFool,0,1,0.029842862859368324
InceptionV3,37,C&W,0,1,29.37934112548828
InceptionV3,37,T-IFGSM,0,1,11.05846881866455
InceptionV3,38,Baseline,1,0,0.0
InceptionV3,38,FGSM,0,1,25.85502815246582
InceptionV3,38,PGD,0,1,14.394644737243652
InceptionV3,38,DeepFool,0,1,0.6738343238830566
InceptionV3,38,C&W,0,1,22.550235748291016
InceptionV3,38,T-IFGSM,0,1,11.077241897583008
InceptionV3,39,Baseline,1,0,0.0
InceptionV3,39,FGSM,0,1,25.803926467895508
InceptionV3,39,PGD,0,1,14.25985336303711
InceptionV3,39,DeepFool,0,1,0.231087327003479
InceptionV3,39,C&W,0,1,33.69310760498047
InceptionV3,39,T-IFGSM,0,1,11.515584945678711
InceptionV3,40,Baseline,1,0,0.0
InceptionV3,40,FGSM,1,0,25.846210479736328
InceptionV3,40,PGD,0,1,14.204489707946777
InceptionV3,40,DeepFool,0,1,1.7684943675994873
InceptionV3,40,C&W,1,0,32.53694152832031
InceptionV3,40,T-IFGSM,0,1,11.19504451751709
InceptionV3,41,Baseline,1,0,0.0
InceptionV3,41,FGSM,0,1,25.78838348388672
InceptionV3,41,PGD,0,1,14.443957328796387
InceptionV3,41,DeepFool,0,1,1.3544434309005737
InceptionV3,41,C&W,0,1,31.128095626831055
InceptionV3,41,T-IFGSM,0,1,11.705352783203125
InceptionV3,42,Baseline,1,0,0.0
InceptionV3,42,FGSM,0,1,25.894075393676758
InceptionV3,42,PGD,0,1,14.306482315063477
InceptionV3,42,DeepFool,0,1,0.015864934772253036
InceptionV3,42,C&W,0,1,29.538061141967773
InceptionV3,42,T-IFGSM,0,1,11.102091789245605
InceptionV3,43,Baseline,1,0,0.0
InceptionV3,43,FGSM,0,1,25.892011642456055
InceptionV3,43,PGD,0,1,14.28928279876709
InceptionV3,43,DeepFool,0,1,0.24950115382671356
InceptionV3,43,C&W,0,1,15.491315841674805
InceptionV3,43,T-IFGSM,0,1,11.282535552978516
InceptionV3,44,Baseline,1,0,0.0
InceptionV3,44,FGSM,0,1,23.826292037963867
InceptionV3,44,PGD,0,1,13.56810474395752
InceptionV3,44,DeepFool,0,1,0.25137361884117126
InceptionV3,44,C&W,0,1,71.71612548828125
InceptionV3,44,T-IFGSM,0,1,10.59870433807373
InceptionV3,45,Baseline,1,0,0.0
InceptionV3,45,FGSM,0,1,25.31756591796875
InceptionV3,45,PGD,0,1,14.13694953918457
InceptionV3,45,DeepFool,0,1,0.07382646948099136
InceptionV3,45,C&W,0,1,56.62929153442383
InceptionV3,45,T-IFGSM,0,1,11.043293952941895
InceptionV3,46,Baseline,1,0,0.0
InceptionV3,46,FGSM,0,1,24.725486755371094
InceptionV3,46,PGD,0,1,13.864457130432129
InceptionV3,46,DeepFool,0,1,0.2077769637107849
InceptionV3,46,C&W,0,1,79.84552001953125
InceptionV3,46,T-IFGSM,0,1,11.024019241333008
InceptionV3,47,Baseline,1,0,0.0
InceptionV3,47,FGSM,0,1,20.223651885986328
InceptionV3,47,PGD,0,1,13.234478950500488
InceptionV3,47,DeepFool,1,0,0.10561010986566544
InceptionV3,47,C&W,0,1,98.80939483642578
InceptionV3,47,T-IFGSM,0,1,10.48336410522461
InceptionV3,48,Baseline,1,0,0.0
InceptionV3,48,FGSM,0,1,25.893024444580078
InceptionV3,48,PGD,0,1,14.179519653320312
InceptionV3,48,DeepFool,0,1,0.01904299482703209
InceptionV3,48,C&W,0,1,10.997835159301758
InceptionV3,48,T-IFGSM,0,1,11.224006652832031
InceptionV3,49,Baseline,1,0,0.0
InceptionV3,49,FGSM,0,1,23.789323806762695
InceptionV3,49,PGD,0,1,13.812943458557129
InceptionV3,49,DeepFool,0,1,0.03364544361829758
InceptionV3,49,C&W,0,1,68.36392211914062
InceptionV3,49,T-IFGSM,0,1,10.872251510620117
InceptionV3,50,Baseline,1,0,0.0
InceptionV3,50,FGSM,0,1,25.89138412475586
InceptionV3,50,PGD,0,1,14.289653778076172
InceptionV3,50,DeepFool,0,1,0.015097448602318764
InceptionV3,50,C&W,0,1,25.611268997192383
InceptionV3,50,T-IFGSM,0,1,11.244528770446777
InceptionV3,51,Baseline,1,0,0.0
InceptionV3,51,FGSM,0,1,25.883779525756836
InceptionV3,51,PGD,0,1,14.39042854309082
InceptionV3,51,DeepFool,0,1,0.06228134408593178
InceptionV3,51,C&W,0,1,35.247230529785156
InceptionV3,51,T-IFGSM,0,1,11.213712692260742
InceptionV3,52,Baseline,1,0,0.0
InceptionV3,52,FGSM,0,1,24.56399917602539
InceptionV3,52,PGD,0,1,13.861943244934082
InceptionV3,52,DeepFool,0,1,0.02019307017326355
InceptionV3,52,C&W,0,1,69.09028625488281
InceptionV3,52,T-IFGSM,0,1,10.839285850524902
InceptionV3,53,Baseline,1,0,0.0
InceptionV3,53,FGSM,0,1,25.751798629760742
InceptionV3,53,PGD,0,1,14.245899200439453
InceptionV3,53,DeepFool,0,1,1.1916160583496094
InceptionV3,53,C&W,0,1,30.822216033935547
InceptionV3,53,T-IFGSM,0,1,11.044551849365234
InceptionV3,54,Baseline,1,0,0.0
InceptionV3,54,FGSM,0,1,25.71321678161621
InceptionV3,54,PGD,0,1,14.295945167541504
InceptionV3,54,DeepFool,0,1,2.3103041648864746
InceptionV3,54,C&W,0,1,35.400169372558594
InceptionV3,54,T-IFGSM,0,1,11.115213394165039
InceptionV3,55,Baseline,1,0,0.0
InceptionV3,55,FGSM,0,1,25.855243682861328
InceptionV3,55,PGD,0,1,14.286195755004883
InceptionV3,55,DeepFool,0,1,0.1092398390173912
InceptionV3,55,C&W,0,1,26.864662170410156
InceptionV3,55,T-IFGSM,0,1,11.317920684814453
InceptionV3,56,Baseline,1,0,0.0
InceptionV3,56,FGSM,1,0,25.88054084777832
InceptionV3,56,PGD,0,1,14.177301406860352
InceptionV3,56,DeepFool,0,1,0.5212365984916687
InceptionV3,56,C&W,0,1,33.91177749633789
InceptionV3,56,T-IFGSM,0,1,11.181721687316895
InceptionV3,57,Baseline,1,0,0.0
InceptionV3,57,FGSM,0,1,25.77695083618164
InceptionV3,57,PGD,0,1,14.312737464904785
InceptionV3,57,DeepFool,0,1,0.17162130773067474
InceptionV3,57,C&W,0,1,46.91940689086914
InceptionV3,57,T-IFGSM,0,1,11.006176948547363
InceptionV3,58,Baseline,1,0,0.0
InceptionV3,58,FGSM,0,1,25.7401180267334
InceptionV3,58,PGD,0,1,14.346781730651855
InceptionV3,58,DeepFool,1,0,0.04846737161278725
InceptionV3,58,C&W,0,1,30.48611068725586
InceptionV3,58,T-IFGSM,0,1,11.286368370056152
InceptionV3,59,Baseline,1,0,0.0
InceptionV3,59,FGSM,0,1,24.680631637573242
InceptionV3,59,PGD,0,1,13.838532447814941
InceptionV3,59,DeepFool,0,1,0.04886806011199951
InceptionV3,59,C&W,0,1,52.26613235473633
InceptionV3,59,T-IFGSM,0,1,10.863388061523438
InceptionV3,60,Baseline,1,0,0.0
InceptionV3,60,FGSM,0,1,25.366369247436523
InceptionV3,60,PGD,0,1,14.156532287597656
InceptionV3,60,DeepFool,0,1,0.7731407880783081
InceptionV3,60,C&W,0,1,55.875606536865234
InceptionV3,60,T-IFGSM,0,1,11.030932426452637
InceptionV3,61,Baseline,1,0,0.0
InceptionV3,61,FGSM,0,1,25.66413116455078
InceptionV3,61,PGD,0,1,14.223075866699219
InceptionV3,61,DeepFool,0,1,0.014186151325702667
InceptionV3,61,C&W,0,1,40.263580322265625
InceptionV3,61,T-IFGSM,0,1,11.131122589111328
InceptionV3,62,Baseline,1,0,0.0
InceptionV3,62,FGSM,0,1,25.89170265197754
InceptionV3,62,PGD,0,1,14.292634010314941
InceptionV3,62,DeepFool,0,1,0.08833669871091843
InceptionV3,62,C&W,0,1,13.952292442321777
InceptionV3,62,T-IFGSM,0,1,11.184024810791016
InceptionV3,63,Baseline,1,0,0.0
InceptionV3,63,FGSM,0,1,25.786884307861328
InceptionV3,63,PGD,0,1,14.327696800231934
InceptionV3,63,DeepFool,0,1,0.002726107370108366
InceptionV3,63,C&W,0,1,32.914947509765625
InceptionV3,63,T-IFGSM,0,1,11.087064743041992
InceptionV3,64,Baseline,1,0,0.0
InceptionV3,64,FGSM,0,1,25.867992401123047
InceptionV3,64,PGD,0,1,14.33759880065918
InceptionV3,64,DeepFool,0,1,0.04936361312866211
InceptionV3,64,C&W,0,1,28.47576332092285
InceptionV3,64,T-IFGSM,0,1,11.038555145263672
InceptionV3,65,Baseline,1,0,0.0
InceptionV3,65,FGSM,0,1,25.85671615600586
InceptionV3,65,PGD,0,1,14.387602806091309
InceptionV3,65,DeepFool,0,1,0.08930481225252151
InceptionV3,65,C&W,0,1,23.267807006835938
InceptionV3,65,T-IFGSM,0,1,11.205948829650879
InceptionV3,66,Baseline,1,0,0.0
InceptionV3,66,FGSM,0,1,25.812637329101562
InceptionV3,66,PGD,0,1,14.28064250946045
InceptionV3,66,DeepFool,0,1,1.4495949745178223
InceptionV3,66,C&W,0,1,44.530033111572266
InceptionV3,66,T-IFGSM,0,1,11.381206512451172
InceptionV3,67,Baseline,1,0,0.0
InceptionV3,67,FGSM,1,0,25.85704231262207
InceptionV3,67,PGD,0,1,14.240357398986816
InceptionV3,67,DeepFool,0,1,0.4990745484828949
InceptionV3,67,C&W,0,1,21.668167114257812
InceptionV3,67,T-IFGSM,0,1,11.016413688659668
InceptionV3,68,Baseline,1,0,0.0
InceptionV3,68,FGSM,0,1,25.89406967163086
InceptionV3,68,PGD,0,1,14.479119300842285
InceptionV3,68,DeepFool,0,1,8.968186378479004
InceptionV3,68,C&W,0,1,10.43690013885498
InceptionV3,68,T-IFGSM,0,1,11.162775039672852
InceptionV3,69,Baseline,1,0,0.0
InceptionV3,69,FGSM,0,1,25.776002883911133
InceptionV3,69,PGD,0,1,14.343711853027344
InceptionV3,69,DeepFool,0,1,0.1698036640882492
InceptionV3,69,C&W,0,1,42.47163009643555
InceptionV3,69,T-IFGSM,0,1,11.212096214294434
InceptionV3,70,Baseline,1,0,0.0
InceptionV3,70,FGSM,1,0,25.8908634185791
InceptionV3,70,PGD,0,1,14.307342529296875
InceptionV3,70,DeepFool,0,1,0.5599930286407471
InceptionV3,70,C&W,0,1,14.14953899383545
InceptionV3,70,T-IFGSM,0,1,11.082108497619629
InceptionV3,71,Baseline,1,0,0.0
InceptionV3,71,FGSM,0,1,25.836393356323242
InceptionV3,71,PGD,0,1,14.448567390441895
InceptionV3,71,DeepFool,1,0,0.007425019983202219
InceptionV3,71,C&W,0,1,27.981462478637695
InceptionV3,71,T-IFGSM,0,1,10.980049133300781
InceptionV3,72,Baseline,1,0,0.0
InceptionV3,72,FGSM,0,1,25.448904037475586
InceptionV3,72,PGD,0,1,14.339911460876465
InceptionV3,72,DeepFool,0,1,1.767675757408142
InceptionV3,72,C&W,0,1,41.0036506652832
InceptionV3,72,T-IFGSM,0,1,11.39877700805664
InceptionV3,73,Baseline,1,0,0.0
InceptionV3,73,FGSM,0,1,25.89396858215332
InceptionV3,73,PGD,0,1,14.416740417480469
InceptionV3,73,DeepFool,0,1,0.061822354793548584
InceptionV3,73,C&W,0,1,7.244302272796631
InceptionV3,73,T-IFGSM,0,1,11.076943397521973
InceptionV3,74,Baseline,1,0,0.0
InceptionV3,74,FGSM,0,1,25.75390625
InceptionV3,74,PGD,0,1,14.263160705566406
InceptionV3,74,DeepFool,0,1,13.260268211364746
InceptionV3,74,C&W,0,1,35.675445556640625
InceptionV3,74,T-IFGSM,0,1,11.250372886657715
InceptionV3,75,Baseline,1,0,0.0
InceptionV3,75,FGSM,0,1,25.892669677734375
InceptionV3,75,PGD,0,1,14.28445053100586
InceptionV3,75,DeepFool,0,1,0.14015227556228638
InceptionV3,75,C&W,0,1,18.149932861328125
InceptionV3,75,T-IFGSM,0,1,11.254850387573242
InceptionV3,76,Baseline,1,0,0.0
InceptionV3,76,FGSM,0,1,25.472122192382812
InceptionV3,76,PGD,0,1,14.192270278930664
InceptionV3,76,DeepFool,0,1,0.05813268572092056
InceptionV3,76,C&W,0,1,54.86887741088867
InceptionV3,76,T-IFGSM,0,1,10.897802352905273
InceptionV3,77,Baseline,1,0,0.0
InceptionV3,77,FGSM,0,1,25.86388397216797
InceptionV3,77,PGD,0,1,14.325437545776367
InceptionV3,77,DeepFool,0,1,0.013856702484190464
InceptionV3,77,C&W,0,1,29.04207420349121
InceptionV3,77,T-IFGSM,0,1,11.275920867919922
InceptionV3,78,Baseline,1,0,0.0
InceptionV3,78,FGSM,0,1,23.528499603271484
InceptionV3,78,PGD,0,1,13.969430923461914
InceptionV3,78,DeepFool,0,1,68.44226837158203
InceptionV3,78,C&W,0,1,69.32935333251953
InceptionV3,78,T-IFGSM,0,1,11.047372817993164
InceptionV3,79,Baseline,1,0,0.0
InceptionV3,79,FGSM,0,1,25.89373016357422
InceptionV3,79,PGD,0,1,14.434338569641113
InceptionV3,79,DeepFool,0,1,0.5049538612365723
InceptionV3,79,C&W,0,1,28.80548858642578
InceptionV3,79,T-IFGSM,0,1,11.254775047302246
InceptionV3,80,Baseline,1,0,0.0
InceptionV3,80,FGSM,0,1,25.88876724243164
InceptionV3,80,PGD,0,1,14.405220985412598
InceptionV3,80,DeepFool,0,1,0.03337464854121208
InceptionV3,80,C&W,0,1,44.204158782958984
InceptionV3,80,T-IFGSM,0,1,11.115155220031738
InceptionV3,81,Baseline,1,0,0.0
InceptionV3,81,FGSM,0,1,25.72911834716797
InceptionV3,81,PGD,0,1,14.230314254760742
InceptionV3,81,DeepFool,0,1,0.05629804730415344
InceptionV3,81,C&W,0,1,42.94940185546875
InceptionV3,81,T-IFGSM,0,1,11.098183631896973
InceptionV3,82,Baseline,1,0,0.0
InceptionV3,82,FGSM,1,0,22.195161819458008
InceptionV3,82,PGD,0,1,13.333708763122559
InceptionV3,82,DeepFool,0,1,1.1213818788528442
InceptionV3,82,C&W,0,1,88.82593536376953
InceptionV3,82,T-IFGSM,0,1,10.438694953918457
InceptionV3,83,Baseline,1,0,0.0
InceptionV3,83,FGSM,0,1,25.870222091674805
InceptionV3,83,PGD,0,1,14.253396987915039
InceptionV3,83,DeepFool,0,1,1.3439745903015137
InceptionV3,83,C&W,0,1,15.892460823059082
InceptionV3,83,T-IFGSM,0,1,11.072525024414062
InceptionV3,84,Baseline,1,0,0.0
InceptionV3,84,FGSM,0,1,25.861526489257812
InceptionV3,84,PGD,0,1,14.363065719604492
InceptionV3,84,DeepFool,0,1,0.364194393157959
InceptionV3,84,C&W,0,1,22.594783782958984
InceptionV3,84,T-IFGSM,0,1,11.252472877502441
InceptionV3,85,Baseline,1,0,0.0
InceptionV3,85,FGSM,0,1,25.883180618286133
InceptionV3,85,PGD,0,1,14.345941543579102
InceptionV3,85,DeepFool,0,1,0.015857692807912827
InceptionV3,85,C&W,0,1,18.472028732299805
InceptionV3,85,T-IFGSM,0,1,11.202877044677734
InceptionV3,86,Baseline,1,0,0.0
InceptionV3,86,FGSM,1,0,25.86255645751953
InceptionV3,86,PGD,0,1,14.507916450500488
InceptionV3,86,DeepFool,0,1,7.617234706878662
InceptionV3,86,C&W,1,0,21.77179527282715
InceptionV3,86,T-IFGSM,0,1,11.467589378356934
InceptionV3,87,Baseline,1,0,0.0
InceptionV3,87,FGSM,0,1,25.725793838500977
InceptionV3,87,PGD,0,1,14.268967628479004
InceptionV3,87,DeepFool,0,1,0.04339255765080452
InceptionV3,87,C&W,0,1,31.042606353759766
InceptionV3,87,T-IFGSM,0,1,11.106071472167969
InceptionV3,88,Baseline,1,0,0.0
InceptionV3,88,FGSM,0,1,25.868886947631836
InceptionV3,88,PGD,0,1,14.261634826660156
InceptionV3,88,DeepFool,0,1,0.169931560754776
InceptionV3,88,C&W,0,1,27.13656997680664
InceptionV3,88,T-IFGSM,0,1,11.123153686523438
InceptionV3,89,Baseline,1,0,0.0
InceptionV3,89,FGSM,0,1,25.86827850341797
InceptionV3,89,PGD,0,1,14.33558177947998
InceptionV3,89,DeepFool,0,1,0.032752543687820435
InceptionV3,89,C&W,0,1,23.490251541137695
InceptionV3,89,T-IFGSM,0,1,10.965664863586426
InceptionV3,90,Baseline,1,0,0.0
InceptionV3,90,FGSM,0,1,25.862987518310547
InceptionV3,90,PGD,0,1,14.397846221923828
InceptionV3,90,DeepFool,0,1,0.674316942691803
InceptionV3,90,C&W,1,0,24.51749038696289
InceptionV3,90,T-IFGSM,0,1,11.107426643371582
InceptionV3,91,Baseline,1,0,0.0
InceptionV3,91,FGSM,0,1,25.882671356201172
InceptionV3,91,PGD,0,1,14.265217781066895
InceptionV3,91,DeepFool,0,1,0.023383844643831253
InceptionV3,91,C&W,0,1,23.86208724975586
InceptionV3,91,T-IFGSM,0,1,11.086880683898926
InceptionV3,92,Baseline,1,0,0.0
InceptionV3,92,FGSM,0,1,25.825071334838867
InceptionV3,92,PGD,0,1,14.409357070922852
InceptionV3,92,DeepFool,0,1,1.9205461740493774
InceptionV3,92,C&W,0,1,22.784870147705078
InceptionV3,92,T-IFGSM,0,1,11.146492004394531
InceptionV3,93,Baseline,1,0,0.0
InceptionV3,93,FGSM,0,1,25.85899543762207
InceptionV3,93,PGD,0,1,14.34375286102295
InceptionV3,93,DeepFool,0,1,0.24033474922180176
InceptionV3,93,C&W,0,1,24.18059539794922
InceptionV3,93,T-IFGSM,0,1,11.15234088897705
InceptionV3,94,Baseline,1,0,0.0
InceptionV3,94,FGSM,0,1,25.370088577270508
InceptionV3,94,PGD,0,1,14.136905670166016
InceptionV3,94,DeepFool,0,1,0.010297490283846855
InceptionV3,94,C&W,0,1,43.54121780395508
InceptionV3,94,T-IFGSM,0,1,10.960870742797852
InceptionV3,95,Baseline,1,0,0.0
InceptionV3,95,FGSM,0,1,25.175029754638672
InceptionV3,95,PGD,0,1,14.20010757446289
InceptionV3,95,DeepFool,0,1,0.006412801798433065
InceptionV3,95,C&W,0,1,53.073463439941406
InceptionV3,95,T-IFGSM,0,1,10.883090019226074
InceptionV3,96,Baseline,1,0,0.0
InceptionV3,96,FGSM,0,1,25.790897369384766
InceptionV3,96,PGD,0,1,14.262880325317383
InceptionV3,96,DeepFool,0,1,0.06835687905550003
InceptionV3,96,C&W,0,1,32.21342849731445
InceptionV3,96,T-IFGSM,0,1,10.984195709228516
InceptionV3,97,Baseline,1,0,0.0
InceptionV3,97,FGSM,0,1,25.733165740966797
InceptionV3,97,PGD,0,1,14.308903694152832
InceptionV3,97,DeepFool,0,1,0.011049915105104446
InceptionV3,97,C&W,0,1,39.75730895996094
InceptionV3,97,T-IFGSM,0,1,11.239351272583008
InceptionV3,98,Baseline,1,0,0.0
InceptionV3,98,FGSM,0,1,25.87660789489746
InceptionV3,98,PGD,0,1,14.312905311584473
InceptionV3,98,DeepFool,0,1,0.04956021159887314
InceptionV3,98,C&W,0,1,26.13487434387207
InceptionV3,98,T-IFGSM,0,1,11.198601722717285
InceptionV3,99,Baseline,1,0,0.0
InceptionV3,99,FGSM,0,1,25.659473419189453
InceptionV3,99,PGD,0,1,14.329458236694336
InceptionV3,99,DeepFool,0,1,0.00987117737531662
InceptionV3,99,C&W,0,1,46.2888069152832
InceptionV3,99,T-IFGSM,0,1,11.072556495666504
